<?xml version="1.0" encoding="windows-1252"?>
<NotepadPlus>
    <AutoComplete language="AutoHotkey">
        <!-- Notepad++ Autocomplete for AutoHotkey -->
        <!-- Main wordlist by: fincs & SciTE4AutoHotkey v3.0.00 -->
        <!-- Credits: infogulch, jNizM, tidbit, twiz, vsub -->
        <Environment ignoreCase="yes" startFunc="(" stopFunc=")" paramSeparator="," terminal="" additionalWordChar="#{@"/>
        <KeyWord name="Abort"/>
        <KeyWord name="AboveNormal"/>
        <KeyWord name="Abs" func="yes">
            <Overload retVal="">
                <Param name="Number"/>
            </Overload>
        </KeyWord>
        <KeyWord name="ACos" func="yes">
            <Overload retVal="">
                <Param name="Number"/>
            </Overload>
        </KeyWord>
        <KeyWord name="ActiveX"/>
        <KeyWord name="Add"/>
        <KeyWord name="AHK_class"/>
        <KeyWord name="AHK_exe"/>
        <KeyWord name="AHK_group"/>
        <KeyWord name="AHK_id"/>
        <KeyWord name="AHK_pid"/>
        <KeyWord name="All"/>
        <KeyWord name="Alnum"/>
        <KeyWord name="Alpha"/>
        <KeyWord name="Alt"/>
        <KeyWord name="AltDown"/>
        <KeyWord name="AltSubmit"/>
        <KeyWord name="AltTab"/>
        <KeyWord name="AltTabAndMenu"/>
        <KeyWord name="AltTabMenu"/>
        <KeyWord name="AltTabMenuDismiss"/>
        <KeyWord name="AltUp"/>
        <KeyWord name="AlwaysOnTop"/>
        <KeyWord name="And"/>
        <KeyWord name="AppsKey"/>
        <KeyWord name="Array"/>
        <KeyWord name="Asc" func="yes">
            <Overload retVal="">
                <Param name="&quot;String&quot;"/>
            </Overload>
        </KeyWord>
        <KeyWord name="ASin" func="yes">
            <Overload retVal="">
                <Param name="Number"/>
            </Overload>
        </KeyWord>
        <KeyWord name="ATan" func="yes">
            <Overload retVal="">
                <Param name="Number"/>
            </Overload>
        </KeyWord>
        <KeyWord name="AutoSize"/>
        <KeyWord name="AutoTrim" func="no">
            <Overload retVal="">
                <Param name="On|Off"/>
            </Overload>
        </KeyWord>
        <KeyWord name="A_AHKPath"/>
        <KeyWord name="A_AHKVersion"/>
        <KeyWord name="A_AppData"/>
        <KeyWord name="A_AppDataCommon"/>
        <KeyWord name="A_AutoTrim"/>
        <KeyWord name="A_BatchLines"/>
        <KeyWord name="A_CaretX"/>
        <KeyWord name="A_CaretY"/>
        <KeyWord name="A_ComputerName"/>
        <KeyWord name="A_ControlDelay"/>
        <KeyWord name="A_Cursor"/>
        <KeyWord name="A_DD"/>
        <KeyWord name="A_DDD"/>
        <KeyWord name="A_DDDD"/>
        <KeyWord name="A_DefaultMouseSpeed"/>
        <KeyWord name="A_Desktop"/>
        <KeyWord name="A_DesktopCommon"/>
        <KeyWord name="A_DetectHiddenText"/>
        <KeyWord name="A_DetectHiddenWindows"/>
        <KeyWord name="A_EndChar"/>
        <KeyWord name="A_EventInfo"/>
        <KeyWord name="A_ExitReason"/>
        <KeyWord name="A_FormatFloat"/>
        <KeyWord name="A_FormatInteger"/>
        <KeyWord name="A_Gui"/>
        <KeyWord name="A_GuiControl"/>
        <KeyWord name="A_GuiControlevent"/>
        <KeyWord name="A_GuiEvent"/>
        <KeyWord name="A_GuiHeight"/>
        <KeyWord name="A_GuiWidth"/>
        <KeyWord name="A_GuiX"/>
        <KeyWord name="A_GuiY"/>
        <KeyWord name="A_Hour"/>
        <KeyWord name="A_IconFile"/>
        <KeyWord name="A_IconHidden"/>
        <KeyWord name="A_IconNumber"/>
        <KeyWord name="A_IconTip"/>
        <KeyWord name="A_Index"/>
        <KeyWord name="A_IPAddress1"/>
        <KeyWord name="A_IPAddress2"/>
        <KeyWord name="A_IPAddress3"/>
        <KeyWord name="A_IPAddress4"/>
        <KeyWord name="A_IsAdmin"/>
        <KeyWord name="A_IsCompiled"/>
        <KeyWord name="A_IsCritical"/>
        <KeyWord name="A_IsPaused"/>
        <KeyWord name="A_IsSuspended"/>
        <KeyWord name="A_IsUnicode"/>
        <KeyWord name="A_KeyDelay"/>
        <KeyWord name="A_Language"/>
        <KeyWord name="A_LastError"/>
        <KeyWord name="A_LineFile"/>
        <KeyWord name="A_LineNumber"/>
        <KeyWord name="A_LoopField"/>
        <KeyWord name="A_LoopFileAttrib"/>
        <KeyWord name="A_LoopFileDir"/>
        <KeyWord name="A_LoopFileExt"/>
        <KeyWord name="A_LoopFileFullPath"/>
        <KeyWord name="A_LoopFileLongPath"/>
        <KeyWord name="A_LoopFileName"/>
        <KeyWord name="A_LoopFileShortName"/>
        <KeyWord name="A_LoopFileShortPath"/>
        <KeyWord name="A_LoopFileSize"/>
        <KeyWord name="A_LoopFileSizeKB"/>
        <KeyWord name="A_LoopFileSizeMB"/>
        <KeyWord name="A_LoopFileTimeAccessed"/>
        <KeyWord name="A_LoopFileTimeCreated"/>
        <KeyWord name="A_LoopFileTimeModified"/>
        <KeyWord name="A_LoopReadLine"/>
        <KeyWord name="A_LoopRegKey"/>
        <KeyWord name="A_LoopRegName"/>
        <KeyWord name="A_LoopRegSubKey"/>
        <KeyWord name="A_LoopRegTimeModified"/>
        <KeyWord name="A_LoopRegType"/>
        <KeyWord name="A_MDay"/>
        <KeyWord name="A_Min"/>
        <KeyWord name="A_MM"/>
        <KeyWord name="A_MMM"/>
        <KeyWord name="A_MMMM"/>
        <KeyWord name="A_Mon"/>
        <KeyWord name="A_MouseDelay"/>
        <KeyWord name="A_MSec"/>
        <KeyWord name="A_MyDocuments"/>
        <KeyWord name="A_Now"/>
        <KeyWord name="A_NowUTC"/>
        <KeyWord name="A_NumBatchLines"/>
        <KeyWord name="A_OSType"/>
        <KeyWord name="A_OSVersion"/>
        <KeyWord name="A_PriorHotkey"/>
        <KeyWord name="A_PriorKey"/>
        <KeyWord name="A_ProgramFiles"/>
        <KeyWord name="A_Programs"/>
        <KeyWord name="A_ProgramsCommon"/>
        <KeyWord name="A_PtrSize"/>
        <KeyWord name="A_ScreenHeight"/>
        <KeyWord name="A_ScreenWidth"/>
        <KeyWord name="A_ScriptDir"/>
        <KeyWord name="A_ScriptFullPath"/>
        <KeyWord name="A_ScriptHwnd"/>
        <KeyWord name="A_ScriptName"/>
        <KeyWord name="A_Sec"/>
        <KeyWord name="A_Space"/>
        <KeyWord name="A_StartMenu"/>
        <KeyWord name="A_StartMenuCommon"/>
        <KeyWord name="A_StartUp"/>
        <KeyWord name="A_StartUpcommon"/>
        <KeyWord name="A_StringCaseSense"/>
        <KeyWord name="A_Tab"/>
        <KeyWord name="A_Temp"/>
        <KeyWord name="A_ThisFunc"/>
        <KeyWord name="A_ThisHotkey"/>
        <KeyWord name="A_ThisLabel"/>
        <KeyWord name="A_ThisMenu"/>
        <KeyWord name="A_ThisMenuItem"/>
        <KeyWord name="A_ThisMenuItemPos"/>
        <KeyWord name="A_TickCount"/>
        <KeyWord name="A_TimeIdle"/>
        <KeyWord name="A_TimeIdlePhysical"/>
        <KeyWord name="A_TimeSincePriorHotkey"/>
        <KeyWord name="A_TimeSinceThisHotkey"/>
        <KeyWord name="A_TitleMatchMode"/>
        <KeyWord name="A_TitleMatchModeSpeed"/>
        <KeyWord name="A_Username"/>
        <KeyWord name="A_WDay"/>
        <KeyWord name="A_WinDelay"/>
        <KeyWord name="A_WinDir"/>
        <KeyWord name="A_WorkingDir"/>
        <KeyWord name="A_YDay"/>
        <KeyWord name="A_Year"/>
        <KeyWord name="A_YWeek"/>
        <KeyWord name="A_YYYY"/>
        <KeyWord name="Background"/>
        <KeyWord name="BackgroundTrans"/>
        <KeyWord name="BackSpace"/>
        <KeyWord name="Base"/>
        <KeyWord name="BelowNormal"/>
        <KeyWord name="Between"/>
        <KeyWord name="BitAnd"/>
        <KeyWord name="BitNot"/>
        <KeyWord name="BitOr"/>
        <KeyWord name="BitShiftLeft"/>
        <KeyWord name="BitShiftRight"/>
        <KeyWord name="BitXOr"/>
        <KeyWord name="Blind"/>
        <KeyWord name="BlockInput" func="no">
            <Overload retVal="">
                <Param name="Mode"/>
            </Overload>
        </KeyWord>
        <KeyWord name="Bold"/>
        <KeyWord name="Border"/>
        <KeyWord name="Bottom"/>
        <KeyWord name="Break" func="no">
            <Overload retVal="">
                <Param name="LoopLabel"/>
            </Overload>
        </KeyWord>
        <KeyWord name="Browser_Back"/>
        <KeyWord name="Browser_Favorites"/>
        <KeyWord name="Browser_Forward"/>
        <KeyWord name="Browser_Home"/>
        <KeyWord name="Browser_Refresh"/>
        <KeyWord name="Browser_Search"/>
        <KeyWord name="Browser_Stop"/>
        <KeyWord name="BS"/>
        <KeyWord name="Button"/>
        <KeyWord name="Buttons"/>
        <KeyWord name="ByRef"/>
        <KeyWord name="Cancel"/>
        <KeyWord name="Capacity"/>
        <KeyWord name="CapsLock"/>
        <KeyWord name="Caption"/>
        <KeyWord name="Case"/>
        <KeyWord name="Catch" func="no">
            <Overload retVal="">
                <Param name="OutputVar"/>
            </Overload>
        </KeyWord>
        <KeyWord name="Ceil" func="yes">
            <Overload retVal="">
                <Param name="Number"/>
            </Overload>
        </KeyWord>
        <KeyWord name="Center"/>
        <KeyWord name="Check"/>
        <KeyWord name="Check3"/>
        <KeyWord name="Checkbox"/>
        <KeyWord name="Checked"/>
        <KeyWord name="CheckedGray"/>
        <KeyWord name="Choose"/>
        <KeyWord name="ChooseString"/>
        <KeyWord name="Chr" func="yes">
            <Overload retVal="">
                <Param name="Number"/>
            </Overload>
        </KeyWord>
        <KeyWord name="Click"/>
        <KeyWord name="Clipboard"/>
        <KeyWord name="Clipboardall"/>
        <KeyWord name="ClipWait" func="no">
            <Overload retVal="">
                <Param name="SecondsToWait"/>
                <Param name="1"/>
            </Overload>
        </KeyWord>
        <KeyWord name="Close"/>
        <KeyWord name="Color"/>
        <KeyWord name="Combobox"/>
        <KeyWord name="ComObjActive"/>
        <KeyWord name="ComObjArray"/>
        <KeyWord name="ComObjConnect"/>
        <KeyWord name="ComObjCreate"/>
        <KeyWord name="ComObjEnwrap"/>
        <KeyWord name="ComObjError"/>
        <KeyWord name="ComObjFlags"/>
        <KeyWord name="ComObjGet"/>
        <KeyWord name="ComObjMissing"/>
        <KeyWord name="ComObjParameter"/>
        <KeyWord name="ComObjQuery"/>
        <KeyWord name="ComObjType"/>
        <KeyWord name="ComObjUnwrap"/>
        <KeyWord name="ComObjValue"/>
        <KeyWord name="Comspec"/>
        <KeyWord name="Contains"/>
        <KeyWord name="Continue" func="no">
            <Overload retVal="">
                <Param name="LoopLabel"/>
            </Overload>
        </KeyWord>
        <KeyWord name="Control" func="no">
            <Overload retVal="">
                <Param name="Cmd"/>
                <Param name="Value"/>
                <Param name="Control"/>
                <Param name="WinTitle"/>
                <Param name="WinText"/>
                <Param name="ExcludeTitle"/>
                <Param name="ExcludeText"/>
            </Overload>
        </KeyWord>
        <KeyWord name="ControlClick" func="no">
            <Overload retVal="">
                <Param name="Control-or-Pos"/>
                <Param name="WinTitle"/>
                <Param name="WinText"/>
                <Param name="WhichButton"/>
                <Param name="ClickCount"/>
                <Param name="Options"/>
                <Param name="ExcludeTitle"/>
                <Param name="ExcludeText"/>
            </Overload>
        </KeyWord>
        <KeyWord name="ControlFocus" func="no">
            <Overload retVal="">
                <Param name="Control"/>
                <Param name="WinTitle"/>
                <Param name="WinText"/>
                <Param name="ExcludeTitle"/>
                <Param name="ExcludeText"/>
            </Overload>
        </KeyWord>
        <KeyWord name="ControlGet" func="no">
            <Overload retVal="">
                <Param name="OutputVar"/>
                <Param name="Cmd"/>
                <Param name="Value"/>
                <Param name="Control"/>
                <Param name="WinTitle"/>
                <Param name="WinText"/>
                <Param name="ExcludeTitle"/>
                <Param name="ExcludeText"/>
            </Overload>
        </KeyWord>
        <KeyWord name="ControlGetFocus" func="no">
            <Overload retVal="">
                <Param name="OutputVar"/>
                <Param name="WinTitle"/>
                <Param name="WinText"/>
                <Param name="ExcludeTitle"/>
                <Param name="ExcludeText"/>
            </Overload>
        </KeyWord>
        <KeyWord name="ControlGetPos" func="no">
            <Overload retVal="">
                <Param name="X"/>
                <Param name="Y"/>
                <Param name="Width"/>
                <Param name="Height"/>
                <Param name="Control"/>
                <Param name="WinTitle"/>
                <Param name="WinText"/>
                <Param name="ExcludeTitle"/>
                <Param name="ExcludeText"/>
            </Overload>
        </KeyWord>
        <KeyWord name="ControlGetText" func="no">
            <Overload retVal="">
                <Param name="OutputVar"/>
                <Param name="Control"/>
                <Param name="WinTitle"/>
                <Param name="WinText"/>
                <Param name="ExcludeTitle"/>
                <Param name="ExcludeText"/>
            </Overload>
        </KeyWord>
        <KeyWord name="ControlList"/>
        <KeyWord name="ControlListHWND"/>
        <KeyWord name="ControlMove" func="no">
            <Overload retVal="">
                <Param name="Control"/>
                <Param name="X"/>
                <Param name="Y"/>
                <Param name="Width"/>
                <Param name="Height"/>
                <Param name="WinTitle"/>
                <Param name="WinText"/>
                <Param name="ExcludeTitle"/>
                <Param name="ExcludeText"/>
            </Overload>
        </KeyWord>
        <KeyWord name="ControlSend" func="no">
            <Overload retVal="">
                <Param name="Control"/>
                <Param name="Keys"/>
                <Param name="WinTitle"/>
                <Param name="WinText"/>
                <Param name="ExcludeTitle"/>
                <Param name="ExcludeText"/>
            </Overload>
        </KeyWord>
        <KeyWord name="ControlSendRaw" func="no">
            <Overload retVal="">
                <Param name="Control"/>
                <Param name="Keys"/>
                <Param name="WinTitle"/>
                <Param name="WinText"/>
                <Param name="ExcludeTitle"/>
                <Param name="ExcludeText"/>
            </Overload>
        </KeyWord>
        <KeyWord name="ControlSetText" func="no">
            <Overload retVal="">
                <Param name="Control"/>
                <Param name="NewText"/>
                <Param name="WinTitle"/>
                <Param name="WinText"/>
                <Param name="ExcludeTitle"/>
                <Param name="ExcludeText"/>
            </Overload>
        </KeyWord>
        <KeyWord name="CoordMode" func="no">
            <Overload retVal="">
                <Param name="ToolTip|Pixel|Mouse|Caret|Menu"/>
                <Param name="Screen|Window|Client"/>
            </Overload>
        </KeyWord>
        <KeyWord name="Cos" func="yes">
            <Overload retVal="">
                <Param name="Number"/>
            </Overload>
        </KeyWord>
        <KeyWord name="Count"/>
        <KeyWord name="Critical" func="no">
            <Overload retVal="">
                <Param name="On|Off|Interval"/>
            </Overload>
        </KeyWord>
        <KeyWord name="Ctrl"/>
        <KeyWord name="CtrlBreak"/>
        <KeyWord name="CtrlDown"/>
        <KeyWord name="CtrlUp"/>
        <KeyWord name="Date"/>
        <KeyWord name="DateTime"/>
        <KeyWord name="Days"/>
        <KeyWord name="DDL"/>
        <KeyWord name="Default"/>
        <KeyWord name="Del"/>
        <KeyWord name="Delete"/>
        <KeyWord name="DeleteAll"/>
        <KeyWord name="Delimiter"/>
        <KeyWord name="Deref"/>
        <KeyWord name="Destroy"/>
        <KeyWord name="DetectHiddenText" func="no">
            <Overload retVal="">
                <Param name="On|Off"/>
            </Overload>
        </KeyWord>
        <KeyWord name="DetectHiddenWindows" func="no">
            <Overload retVal="">
                <Param name="On|Off"/>
            </Overload>
        </KeyWord>
        <KeyWord name="Digit"/>
        <KeyWord name="Disable"/>
        <KeyWord name="Disabled"/>
        <KeyWord name="DllCall" func="yes">
            <Overload retVal="">
                <Param name="&quot;DllFile\Function&quot;"/>
            </Overload>
            <Overload retVal="">
                <Param name="&quot;DllFile\Function&quot;"/>
                <Param name="Type1"/>
                <Param name="Arg1"/>
                <Param name="Type2"/>
                <Param name="Arg2"/>
                <Param name="&quot;Cdecl ReturnType&quot;"/>
            </Overload>
        </KeyWord>
        <KeyWord name="Down"/>
        <KeyWord name="Drive" func="no">
            <Overload retVal="">
                <Param name="Sub-command"/>
                <Param name="Drive"/>
                <Param name="Value"/>
            </Overload>
        </KeyWord>
        <KeyWord name="DriveGet" func="no">
            <Overload retVal="">
                <Param name="OutputVar"/>
                <Param name="Cmd"/>
                <Param name="Value"/>
            </Overload>
        </KeyWord>
        <KeyWord name="DriveSpaceFree" func="no">
            <Overload retVal="">
                <Param name="OutputVar"/>
                <Param name="Path"/>
            </Overload>
        </KeyWord>
        <KeyWord name="DropDownList"/>
        <KeyWord name="Edit"/>
        <KeyWord name="Eject"/>
        <KeyWord name="Else"/>
        <KeyWord name="Enable"/>
        <KeyWord name="Enabled"/>
        <KeyWord name="End"/>
        <KeyWord name="EndRepeat"/>
        <KeyWord name="Enter"/>
        <KeyWord name="EnvAdd" func="no">
            <Overload retVal="">
                <Param name="Var"/>
                <Param name="Value"/>
                <Param name="TimeUnits"/>
            </Overload>
        </KeyWord>
        <KeyWord name="EnvDiv" func="no">
            <Overload retVal="">
                <Param name="Var"/>
                <Param name="Value"/>
            </Overload>
        </KeyWord>
        <KeyWord name="EnvGet" func="no">
            <Overload retVal="">
                <Param name="OutputVar"/>
                <Param name="EnvVarName"/>
            </Overload>
        </KeyWord>
        <KeyWord name="EnvMult" func="no">
            <Overload retVal="">
                <Param name="Var"/>
                <Param name="Value"/>
            </Overload>
        </KeyWord>
        <KeyWord name="EnvSet" func="no">
            <Overload retVal="">
                <Param name="EnvVar"/>
                <Param name="Value"/>
            </Overload>
        </KeyWord>
        <KeyWord name="EnvSub" func="no">
            <Overload retVal="">
                <Param name="Var"/>
                <Param name="Value"/>
                <Param name="TimeUnits"/>
            </Overload>
        </KeyWord>
        <KeyWord name="EnvUpdate"/>
        <KeyWord name="Error"/>
        <KeyWord name="ErrorLevel"/>
        <KeyWord name="Esc"/>
        <KeyWord name="Escape"/>
        <KeyWord name="Exception"/>
        <KeyWord name="Exit" func="no">
            <Overload retVal="">
                <Param name="ExitCode"/>
            </Overload>
        </KeyWord>
        <KeyWord name="ExitApp" func="no">
            <Overload retVal="">
                <Param name="ExitCode"/>
            </Overload>
        </KeyWord>
        <KeyWord name="Exp" func="yes">
            <Overload retVal="">
                <Param name="N"/>
            </Overload>
        </KeyWord>
        <KeyWord name="Expand"/>
        <KeyWord name="ExStyle"/>
        <KeyWord name="Extends"/>
        <KeyWord name="F1"/>
        <KeyWord name="F10"/>
        <KeyWord name="F11"/>
        <KeyWord name="F12"/>
        <KeyWord name="F13"/>
        <KeyWord name="F14"/>
        <KeyWord name="F15"/>
        <KeyWord name="F16"/>
        <KeyWord name="F17"/>
        <KeyWord name="F18"/>
        <KeyWord name="F19"/>
        <KeyWord name="F2"/>
        <KeyWord name="F20"/>
        <KeyWord name="F21"/>
        <KeyWord name="F22"/>
        <KeyWord name="F23"/>
        <KeyWord name="F24"/>
        <KeyWord name="F3"/>
        <KeyWord name="F4"/>
        <KeyWord name="F5"/>
        <KeyWord name="F6"/>
        <KeyWord name="F7"/>
        <KeyWord name="F8"/>
        <KeyWord name="F9"/>
        <KeyWord name="False"/>
        <KeyWord name="FileAppend" func="no">
            <Overload retVal="">
                <Param name="Text"/>
                <Param name="Filename"/>
                <Param name="Encoding"/>
            </Overload>
        </KeyWord>
        <KeyWord name="FileCopy" func="no">
            <Overload retVal="">
                <Param name="SourcePattern"/>
                <Param name="DestPattern"/>
                <Param name="Flag"/>
            </Overload>
        </KeyWord>
        <KeyWord name="FileCopyDir" func="no">
            <Overload retVal="">
                <Param name="Source"/>
                <Param name="Dest"/>
                <Param name="Flag"/>
            </Overload>
        </KeyWord>
        <KeyWord name="FileCreateDir" func="no">
            <Overload retVal="">
                <Param name="DirName"/>
            </Overload>
        </KeyWord>
        <KeyWord name="FileCreateShortcut" func="no">
            <Overload retVal="">
                <Param name="Target"/>
                <Param name="LinkFile"/>
                <Param name="WorkingDir"/>
                <Param name="Args"/>
                <Param name="Description"/>
                <Param name="IconFile"/>
                <Param name="ShortcutKey"/>
                <Param name="IconNumber"/>
                <Param name="RunState"/>
            </Overload>
        </KeyWord>
        <KeyWord name="FileDelete" func="no">
            <Overload retVal="">
                <Param name="FilePattern"/>
            </Overload>
        </KeyWord>
        <KeyWord name="FileEncoding" func="no">
            <Overload retVal="">
                <Param name="Encoding"/>
            </Overload>
        </KeyWord>
        <KeyWord name="FileExist" func="yes">
            <Overload retVal="">
                <Param name="FilePattern"/>
            </Overload>
        </KeyWord>
        <KeyWord name="FileGetAttrib" func="yes">
            <Overload retVal="">
                <Param name="FilePattern"/>
            </Overload>
        </KeyWord>
        <KeyWord name="FileGetAttrib" func="no">
            <Overload retVal="">
                <Param name="OutputVar"/>
                <Param name="Filename"/>
            </Overload>
        </KeyWord>
        <KeyWord name="FileGetShortcut" func="no">
            <Overload retVal="">
                <Param name="LinkFile"/>
                <Param name="OutTarget"/>
                <Param name="OutDir"/>
                <Param name="OutArgs"/>
                <Param name="OutDescription"/>
                <Param name="OutIcon"/>
                <Param name="OutIconNum"/>
                <Param name="OutRunState"/>
            </Overload>
        </KeyWord>
        <KeyWord name="FileGetSize" func="no">
            <Overload retVal="">
                <Param name="OutputVar"/>
                <Param name="Filename"/>
                <Param name="Units"/>
            </Overload>
        </KeyWord>
        <KeyWord name="FileGetTime" func="no">
            <Overload retVal="">
                <Param name="OutputVar"/>
                <Param name="Filename"/>
                <Param name="WhichTime"/>
            </Overload>
        </KeyWord>
        <KeyWord name="FileGetVersion" func="no">
            <Overload retVal="">
                <Param name="OutputVar"/>
                <Param name="Filename"/>
            </Overload>
        </KeyWord>
        <KeyWord name="FileInstall" func="no">
            <Overload retVal="">
                <Param name="Source"/>
                <Param name="Dest"/>
                <Param name="Flag"/>
            </Overload>
        </KeyWord>
        <KeyWord name="FileMove" func="no">
            <Overload retVal="">
                <Param name="SourcePattern"/>
                <Param name="DestPattern"/>
                <Param name="Flag"/>
            </Overload>
        </KeyWord>
        <KeyWord name="FileMoveDir" func="no">
            <Overload retVal="">
                <Param name="Source"/>
                <Param name="Dest"/>
                <Param name="Flag"/>
            </Overload>
        </KeyWord>
        <KeyWord name="FileOpen" func="yes">
            <Overload retVal="">
                <Param name="Filename"/>
                <Param name="Flags"/>
                <Param name="Encoding"/>
            </Overload>
        </KeyWord>
        <KeyWord name="FileRead" func="no">
            <Overload retVal="">
                <Param name="OutputVar"/>
                <Param name="Filename"/>
            </Overload>
        </KeyWord>
        <KeyWord name="FileReadLine" func="no">
            <Overload retVal="">
                <Param name="OutputVar"/>
                <Param name="Filename"/>
                <Param name="LineNum"/>
            </Overload>
        </KeyWord>
        <KeyWord name="FileRecycle" func="no">
            <Overload retVal="">
                <Param name="FilePattern"/>
            </Overload>
        </KeyWord>
        <KeyWord name="FileRecycleEmpty" func="no">
            <Overload retVal="">
                <Param name="DriveLetter"/>
            </Overload>
        </KeyWord>
        <KeyWord name="FileRemoveDir" func="no">
            <Overload retVal="">
                <Param name="DirName"/>
                <Param name="Recurse?"/>
            </Overload>
        </KeyWord>
        <KeyWord name="FileSelectFile" func="no">
            <Overload retVal="">
                <Param name="OutputVar"/>
                <Param name="Options"/>
                <Param name="RootDir\Filename"/>
                <Param name="Prompt"/>
                <Param name="Filter"/>
            </Overload>
        </KeyWord>
        <KeyWord name="FileSelectFolder" func="no">
            <Overload retVal="">
                <Param name="OutputVar"/>
                <Param name="StartingFolder"/>
                <Param name="Options"/>
                <Param name="Prompt"/>
            </Overload>
        </KeyWord>
        <KeyWord name="FileSetAttrib" func="no">
            <Overload retVal="">
                <Param name="Attributes"/>
                <Param name="Filepattern"/>
                <Param name="OperateOnFolders?"/>
                <Param name="Recurse?"/>
            </Overload>
        </KeyWord>
        <KeyWord name="FileSetTime" func="no">
            <Overload retVal="">
                <Param name="YYYYMMDDHH24MISS"/>
                <Param name="FilePattern"/>
                <Param name="WhichTime"/>
                <Param name="OperateOnFolders?"/>
                <Param name="Recurse?"/>
            </Overload>
        </KeyWord>
        <KeyWord name="FileSystem"/>
        <KeyWord name="First"/>
        <KeyWord name="Flash"/>
        <KeyWord name="Float"/>
        <KeyWord name="Floatfast"/>
        <KeyWord name="Floor" func="yes">
            <Overload retVal="">
                <Param name="Number"/>
            </Overload>
        </KeyWord>
        <KeyWord name="Focus"/>
        <KeyWord name="Font"/>
        <KeyWord name="For" func="no">
            <Overload retVal="">
                <Param name="Key"/>
                <Param name="Value"/>
                <Param name="Expression"/>
            </Overload>
        </KeyWord>
        <KeyWord name="Force"/>
        <KeyWord name="FormatTime" func="no">
            <Overload retVal="">
                <Param name="OutputVar"/>
                <Param name="YYYYMMDDHH24MISS"/>
                <Param name="Format"/>
            </Overload>
        </KeyWord>
        <KeyWord name="Func" func="yes">
            <Overload retVal="">
                <Param name="FunctionName"/>
            </Overload>
        </KeyWord>
        <KeyWord name="GetKeyName" func="yes">
            <Overload retVal="">
                <Param name="Key"/>
            </Overload>
        </KeyWord>
        <KeyWord name="GetKeySC" func="yes">
            <Overload retVal="">
                <Param name="Key"/>
            </Overload>
        </KeyWord>
        <KeyWord name="GetKeyState" func="no">
            <Overload retVal="">
                <Param name="OutputVar"/>
                <Param name="KeyName"/>
                <Param name="Mode"/>
            </Overload>
        </KeyWord>
        <KeyWord name="GetKeyState" func="yes">
            <Overload retVal="">
                <Param name="&quot;KeyName&quot;"/>
                <Param name="&quot;Mode&quot;"/>
            </Overload>
        </KeyWord>
        <KeyWord name="GetKeyVK" func="yes">
            <Overload retVal="">
                <Param name="Key"/>
            </Overload>
        </KeyWord>
        <KeyWord name="Global"/>
        <KeyWord name="Gosub" func="no">
            <Overload retVal="">
                <Param name="Label"/>
            </Overload>
        </KeyWord>
        <KeyWord name="Goto" func="no">
            <Overload retVal="">
                <Param name="Label"/>
            </Overload>
        </KeyWord>
        <KeyWord name="Grid"/>
        <KeyWord name="Group"/>
        <KeyWord name="GroupActivate" func="no">
            <Overload retVal="">
                <Param name="GroupName"/>
                <Param name="R"/>
            </Overload>
        </KeyWord>
        <KeyWord name="GroupAdd" func="no">
            <Overload retVal="">
                <Param name="GroupName"/>
                <Param name="WinTitle"/>
                <Param name="WinText"/>
                <Param name="Label"/>
                <Param name="ExcludeTitle"/>
                <Param name="ExcludeText"/>
            </Overload>
        </KeyWord>
        <KeyWord name="GroupBox"/>
        <KeyWord name="GroupClose" func="no">
            <Overload retVal="">
                <Param name="GroupName"/>
                <Param name="A|R"/>
            </Overload>
        </KeyWord>
        <KeyWord name="GroupDeactivate" func="no">
            <Overload retVal="">
                <Param name="GroupName"/>
                <Param name="R"/>
            </Overload>
        </KeyWord>
        <KeyWord name="Gui" func="no">
            <Overload retVal="">
                <Param name="Sub-command"/>
                <Param name="Param2"/>
                <Param name="Param3"/>
                <Param name="Param4"/>
            </Overload>
        </KeyWord>
        <KeyWord name="GuiClose"/>
        <KeyWord name="GuiContextMenu"/>
        <KeyWord name="GuiControl" func="no">
            <Overload retVal="">
                <Param name="Sub-command"/>
                <Param name="ControlID"/>
                <Param name="Param3"/>
            </Overload>
        </KeyWord>
        <KeyWord name="GuiControlGet" func="no">
            <Overload retVal="">
                <Param name="OutputVar"/>
                <Param name="Sub-command"/>
                <Param name="ControlID"/>
                <Param name="Param4"/>
            </Overload>
        </KeyWord>
        <KeyWord name="GuiDropFiles"/>
        <KeyWord name="GuiEscape"/>
        <KeyWord name="GuiSize"/>
        <KeyWord name="Hdr"/>
        <KeyWord name="Hidden"/>
        <KeyWord name="Hide"/>
        <KeyWord name="HideAutoItWin"/>
        <KeyWord name="High"/>
        <KeyWord name="HKCC"/>
        <KeyWord name="HKCR"/>
        <KeyWord name="HKCU"/>
        <KeyWord name="HKEY_CLASSES_ROOT"/>
        <KeyWord name="HKEY_CURRENT_CONFIG"/>
        <KeyWord name="HKEY_CURRENT_USER"/>
        <KeyWord name="HKEY_CURRENT_USER"/>
        <KeyWord name="HKEY_LOCAL_MACHINE"/>
        <KeyWord name="HKEY_USERS"/>
        <KeyWord name="HKLM"/>
        <KeyWord name="HKU"/>
        <KeyWord name="Home"/>
        <KeyWord name="Hotkey" func="no">
            <Overload retVal="">
                <Param name="KeyName"/>
                <Param name="Label"/>
                <Param name="Options"/>
            </Overload>
            <Overload retVal="">
                <Param name="IfWinActive/Exists"/>
                <Param name="WinTitle"/>
                <Param name="WinText"/>
            </Overload>
            <Overload retVal="">
                <Param name="If"/>
                <Param name="Expression"/>
            </Overload>
        </KeyWord>
        <KeyWord name="Hours"/>
        <KeyWord name="HScroll"/>
        <KeyWord name="Hwnd"/>
        <KeyWord name="Icon"/>
        <KeyWord name="IconSmall"/>
        <KeyWord name="ID"/>
        <KeyWord name="IDLast"/>
        <KeyWord name="If" func="no">
            <Overload retVal="">
                <Param name="var"/>
            </Overload>
        </KeyWord>
        <KeyWord name="If" func="yes">
            <Overload retVal="">
                <Param name="expression"/>
            </Overload>
        </KeyWord>
        <KeyWord name="IfEqual" func="no">
            <Overload retVal="">
                <Param name="var"/>
                <Param name="value"/>
            </Overload>
        </KeyWord>
        <KeyWord name="IfExist" func="no">
            <Overload retVal="">
                <Param name="FilePattern"/>
            </Overload>
        </KeyWord>
        <KeyWord name="IfExist" func="yes">
            <Overload retVal="">
                <Param name="FilePattern"/>
            </Overload>
        </KeyWord>
        <KeyWord name="IfGreater" func="no">
            <Overload retVal="">
                <Param name="var"/>
                <Param name="value"/>
            </Overload>
        </KeyWord>
        <KeyWord name="IfGreaterOrEqual" func="no">
            <Overload retVal="">
                <Param name="var"/>
                <Param name="value"/>
            </Overload>
        </KeyWord>
        <KeyWord name="IfInString" func="no">
            <Overload retVal="">
                <Param name="var"/>
                <Param name="SearchString"/>
            </Overload>
        </KeyWord>
        <KeyWord name="IfLess" func="no">
            <Overload retVal="">
                <Param name="var"/>
                <Param name="value"/>
            </Overload>
        </KeyWord>
        <KeyWord name="IfLessOrEqual" func="no">
            <Overload retVal="">
                <Param name="var"/>
                <Param name="value"/>
            </Overload>
        </KeyWord>
        <KeyWord name="IfMsgBox" func="no">
            <Overload retVal="">
                <Param name="ButtonName"/>
            </Overload>
        </KeyWord>
        <KeyWord name="IfNotEqual" func="no">
            <Overload retVal="">
                <Param name="var"/>
                <Param name="value"/>
            </Overload>
        </KeyWord>
        <KeyWord name="IfNotExist" func="no">
            <Overload retVal="">
                <Param name="FilePattern"/>
            </Overload>
        </KeyWord>
        <KeyWord name="IfNotInString" func="no">
            <Overload retVal="">
                <Param name="var"/>
                <Param name="SearchString"/>
            </Overload>
        </KeyWord>
        <KeyWord name="IfWinActive" func="no">
            <Overload retVal="">
                <Param name="WinTitle"/>
                <Param name="WinText"/>
                <Param name="ExcludeTitle"/>
                <Param name="ExcludeText"/>
            </Overload>
        </KeyWord>
        <KeyWord name="IfWinExist" func="no">
            <Overload retVal="">
                <Param name="WinTitle"/>
                <Param name="WinText"/>
                <Param name="ExcludeTitle"/>
                <Param name="ExcludeText"/>
            </Overload>
        </KeyWord>
        <KeyWord name="IfWinNotActive" func="no">
            <Overload retVal="">
                <Param name="WinTitle"/>
                <Param name="WinText"/>
                <Param name="ExcludeTitle"/>
                <Param name="ExcludeText"/>
            </Overload>
        </KeyWord>
        <KeyWord name="IfWinNotExist" func="no">
            <Overload retVal="">
                <Param name="WinTitle"/>
                <Param name="WinText"/>
                <Param name="ExcludeTitle"/>
                <Param name="ExcludeText"/>
            </Overload>
        </KeyWord>
        <KeyWord name="Ignore"/>
        <KeyWord name="IL_Add"/>
        <KeyWord name="IL_Create"/>
        <KeyWord name="IL_Destroy"/>
        <KeyWord name="ImageList"/>
        <KeyWord name="ImageSearch" func="no">
            <Overload retVal="">
                <Param name="OutputVarX"/>
                <Param name="OutputVarY"/>
                <Param name="X1"/>
                <Param name="Y1"/>
                <Param name="X2"/>
                <Param name="Y2"/>
                <Param name="ImageFile"/>
            </Overload>
        </KeyWord>
        <KeyWord name="In"/>
        <KeyWord name="IniDelete" func="no">
            <Overload retVal="">
                <Param name="Filename"/>
                <Param name="Section"/>
                <Param name="Key"/>
            </Overload>
        </KeyWord>
        <KeyWord name="IniRead" func="no">
            <Overload retVal="">
                <Param name="OutputVar"/>
                <Param name="Filename"/>
                <Param name="Section"/>
                <Param name="Key"/>
                <Param name="Default"/>
            </Overload>
        </KeyWord>
        <KeyWord name="IniWrite" func="no">
            <Overload retVal="">
                <Param name="Value"/>
                <Param name="Filename"/>
                <Param name="Section"/>
                <Param name="Key"/>
            </Overload>
        </KeyWord>
        <KeyWord name="Input" func="no">
            <Overload retVal="">
                <Param name="OutputVar"/>
                <Param name="Options"/>
                <Param name="EndKeys"/>
                <Param name="MatchList"/>
            </Overload>
        </KeyWord>
        <KeyWord name="InputBox" func="no">
            <Overload retVal="">
                <Param name="OutputVar"/>
                <Param name="Title"/>
                <Param name="Prompt"/>
                <Param name="HIDE"/>
                <Param name="Width"/>
                <Param name="Height"/>
                <Param name="X"/>
                <Param name="Y"/>
                <Param name="Font"/>
                <Param name="Timeout"/>
                <Param name="Default"/>
            </Overload>
        </KeyWord>
        <KeyWord name="Ins"/>
        <KeyWord name="Insert"/>
        <KeyWord name="InStr" func="yes">
            <Overload retVal="">
                <Param name="Haystack"/>
                <Param name="Needle"/>
                <Param name="CaseSensitive = false"/>
                <Param name="StartingPos = 1"/>
                <Param name="Occurrence = 1"/>
            </Overload>
        </KeyWord>
        <KeyWord name="Integer"/>
        <KeyWord name="IntegerFast"/>
        <KeyWord name="Interrupt"/>
        <KeyWord name="Is"/>
        <KeyWord name="IsByref" func="yes">
            <Overload retVal="">
                <Param name="Var"/>
            </Overload>
        </KeyWord>
        <KeyWord name="IsFunc" func="yes">
            <Overload retVal="">
                <Param name="FunctionName"/>
            </Overload>
        </KeyWord>
        <KeyWord name="IsLabel" func="yes">
            <Overload retVal="">
                <Param name="LabelName"/>
            </Overload>
        </KeyWord>
        <KeyWord name="IsObject" func="yes">
            <Overload retVal="">
                <Param name="Value"/>
            </Overload>
        </KeyWord>
        <KeyWord name="Italic"/>
        <KeyWord name="Joy1"/>
        <KeyWord name="Joy10"/>
        <KeyWord name="Joy11"/>
        <KeyWord name="Joy12"/>
        <KeyWord name="Joy13"/>
        <KeyWord name="Joy14"/>
        <KeyWord name="Joy15"/>
        <KeyWord name="Joy16"/>
        <KeyWord name="Joy17"/>
        <KeyWord name="Joy18"/>
        <KeyWord name="Joy19"/>
        <KeyWord name="Joy2"/>
        <KeyWord name="Joy20"/>
        <KeyWord name="Joy21"/>
        <KeyWord name="Joy22"/>
        <KeyWord name="Joy23"/>
        <KeyWord name="Joy24"/>
        <KeyWord name="Joy25"/>
        <KeyWord name="Joy26"/>
        <KeyWord name="Joy27"/>
        <KeyWord name="Joy28"/>
        <KeyWord name="Joy29"/>
        <KeyWord name="Joy3"/>
        <KeyWord name="Joy30"/>
        <KeyWord name="Joy31"/>
        <KeyWord name="Joy32"/>
        <KeyWord name="Joy4"/>
        <KeyWord name="Joy5"/>
        <KeyWord name="Joy6"/>
        <KeyWord name="Joy7"/>
        <KeyWord name="Joy8"/>
        <KeyWord name="Joy9"/>
        <KeyWord name="JoyAxes"/>
        <KeyWord name="JoyButtons"/>
        <KeyWord name="JoyInfo"/>
        <KeyWord name="JoyName"/>
        <KeyWord name="JoyPOV"/>
        <KeyWord name="JoyR"/>
        <KeyWord name="JoyU"/>
        <KeyWord name="JoyV"/>
        <KeyWord name="Joyx"/>
        <KeyWord name="JoyY"/>
        <KeyWord name="JoyZ"/>
        <KeyWord name="KeyHistory"/>
        <KeyWord name="KeyWait" func="no">
            <Overload retVal="">
                <Param name="KeyName"/>
                <Param name="Options"/>
            </Overload>
        </KeyWord>
        <KeyWord name="Label"/>
        <KeyWord name="LAlt"/>
        <KeyWord name="LastFound"/>
        <KeyWord name="LastFoundExist"/>
        <KeyWord name="Launch_App1"/>
        <KeyWord name="Launch_App2"/>
        <KeyWord name="Launch_Mail"/>
        <KeyWord name="Launch_Media"/>
        <KeyWord name="LButton"/>
        <KeyWord name="LControl"/>
        <KeyWord name="LCtrl"/>
        <KeyWord name="Left"/>
        <KeyWord name="LeftClick"/>
        <KeyWord name="LeftClickDrag"/>
        <KeyWord name="Limit"/>
        <KeyWord name="Lines"/>
        <KeyWord name="Link"/>
        <KeyWord name="List"/>
        <KeyWord name="ListBox"/>
        <KeyWord name="ListHotkeys"/>
        <KeyWord name="ListLines" func="no">
            <Overload retVal="">
                <Param name="On|Off"/>
            </Overload>
        </KeyWord>
        <KeyWord name="ListVars"/>
        <KeyWord name="ListView"/>
        <KeyWord name="Ln" func="yes">
            <Overload retVal="">
                <Param name="Number"/>
            </Overload>
        </KeyWord>
        <KeyWord name="Local"/>
        <KeyWord name="Lock"/>
        <KeyWord name="Log" func="yes">
            <Overload retVal="">
                <Param name="Number"/>
            </Overload>
        </KeyWord>
        <KeyWord name="LogOff"/>
        <KeyWord name="Loop" func="no">
            <Overload retVal="">
                <Param name="Count"/>
            </Overload>
            <Overload retVal="">
                <Param name="FilePattern"/>
                <Param name="IncludeFolders?"/>
                <Param name="Recurse?"/>
            </Overload>
            <Overload retVal="">
                <Param name="Parse"/>
                <Param name="InputVar"/>
                <Param name="Delimiters"/>
                <Param name="OmitChars"/>
            </Overload>
            <Overload retVal="">
                <Param name="Read"/>
                <Param name="InputFile"/>
                <Param name="OutputFile"/>
            </Overload>
            <Overload retVal="">
                <Param name="RootKey"/>
                <Param name="Key"/>
                <Param name="IncludeSubKeys?"/>
                <Param name="Recurse?"/>
            </Overload>
        </KeyWord>
        <KeyWord name="Loop" func="yes">
            <Overload retVal="">
                <Param name="files &amp; folders"/>
            </Overload>
            <Overload retVal="">
                <Param name="normal"/>
            </Overload>
            <Overload retVal="">
                <Param name="parse a string"/>
            </Overload>
            <Overload retVal="">
                <Param name="read file contents"/>
            </Overload>
            <Overload retVal="">
                <Param name="registry"/>
            </Overload>
        </KeyWord>
        <KeyWord name="Low"/>
        <KeyWord name="Lower"/>
        <KeyWord name="Lowercase"/>
        <KeyWord name="LShift"/>
        <KeyWord name="LTrim"/>
        <KeyWord name="LV_Add"/>
        <KeyWord name="LV_Delete"/>
        <KeyWord name="LV_DeleteCol"/>
        <KeyWord name="LV_GetCount"/>
        <KeyWord name="LV_GetNext"/>
        <KeyWord name="LV_GetText"/>
        <KeyWord name="LV_Insert"/>
        <KeyWord name="LV_InsertCol"/>
        <KeyWord name="LV_Modify"/>
        <KeyWord name="LV_ModifyCol"/>
        <KeyWord name="LV_SetImagelist"/>
        <KeyWord name="LWin"/>
        <KeyWord name="LWinDown"/>
        <KeyWord name="LWinUp"/>
        <KeyWord name="MainWindow"/>
        <KeyWord name="Margin"/>
        <KeyWord name="Maximize"/>
        <KeyWord name="MaximizeBox"/>
        <KeyWord name="MButton"/>
        <KeyWord name="Media_Next"/>
        <KeyWord name="Media_Play_Pause"/>
        <KeyWord name="Media_Prev"/>
        <KeyWord name="Media_Stop"/>
        <KeyWord name="Menu" func="no">
            <Overload retVal="">
                <Param name="MenuName"/>
                <Param name="Cmd"/>
                <Param name="P3"/>
                <Param name="P4"/>
                <Param name="P5"/>
            </Overload>
        </KeyWord>
        <KeyWord name="Minimize"/>
        <KeyWord name="MinimizeBox"/>
        <KeyWord name="MinMax"/>
        <KeyWord name="Minutes"/>
        <KeyWord name="Mod" func="yes">
            <Overload retVal="">
                <Param name="Dividend"/>
                <Param name="Divisor"/>
            </Overload>
        </KeyWord>
        <KeyWord name="MonitorCount"/>
        <KeyWord name="MonitorName"/>
        <KeyWord name="MonitorPrimary"/>
        <KeyWord name="MonitorWorkArea"/>
        <KeyWord name="MonthCal"/>
        <KeyWord name="Mouse"/>
        <KeyWord name="MouseClick" func="no">
            <Overload retVal="">
                <Param name="WhichButton"/>
                <Param name="X"/>
                <Param name="Y"/>
                <Param name="ClickCount"/>
                <Param name="Speed"/>
                <Param name="D|U"/>
                <Param name="R"/>
            </Overload>
        </KeyWord>
        <KeyWord name="MouseClickDrag" func="no">
            <Overload retVal="">
                <Param name="WhichButton"/>
                <Param name="X1"/>
                <Param name="Y1"/>
                <Param name="X2"/>
                <Param name="Y2"/>
                <Param name="Speed"/>
                <Param name="R"/>
            </Overload>
        </KeyWord>
        <KeyWord name="MouseGetPos" func="no">
            <Overload retVal="">
                <Param name="OutputVarX"/>
                <Param name="OutputVarY"/>
                <Param name="OutputVarWin"/>
                <Param name="OutputVarControl"/>
                <Param name="1|2|3"/>
            </Overload>
        </KeyWord>
        <KeyWord name="MouseMove" func="no">
            <Overload retVal="">
                <Param name="X"/>
                <Param name="Y"/>
                <Param name="Speed"/>
                <Param name="R"/>
            </Overload>
        </KeyWord>
        <KeyWord name="MouseMoveOff"/>
        <KeyWord name="Move"/>
        <KeyWord name="MsgBox" func="no">
            <Overload retVal="">
                <Param name="Text"/>
            </Overload>
            <Overload retVal="">
                <Param name="Options"/>
                <Param name="Title"/>
                <Param name="Text"/>
                <Param name="Timeout"/>
            </Overload>
        </KeyWord>
        <KeyWord name="Multi"/>
        <KeyWord name="Na"/>
        <KeyWord name="New"/>
        <KeyWord name="No"/>
        <KeyWord name="NoActivate"/>
        <KeyWord name="NoDefault"/>
        <KeyWord name="NoHide"/>
        <KeyWord name="NoIcon"/>
        <KeyWord name="NoMainWindow"/>
        <KeyWord name="Norm"/>
        <KeyWord name="Normal"/>
        <KeyWord name="NoSort"/>
        <KeyWord name="NoSortHDR"/>
        <KeyWord name="NoStandard"/>
        <KeyWord name="Not"/>
        <KeyWord name="NoTab"/>
        <KeyWord name="NoTimers"/>
        <KeyWord name="Number"/>
        <KeyWord name="NumGet" func="yes">
            <Overload retVal="">
                <Param name="VarOrAddress"/>
            </Overload>
            <Overload retVal="">
                <Param name="VarOrAddress"/>
                <Param name="Offset = 0"/>
                <Param name="Type = &quot;UInt&quot;"/>
            </Overload>
        </KeyWord>
        <KeyWord name="NumLock"/>
        <KeyWord name="Numpad0"/>
        <KeyWord name="Numpad1"/>
        <KeyWord name="Numpad2"/>
        <KeyWord name="Numpad3"/>
        <KeyWord name="Numpad4"/>
        <KeyWord name="Numpad5"/>
        <KeyWord name="Numpad6"/>
        <KeyWord name="Numpad7"/>
        <KeyWord name="Numpad8"/>
        <KeyWord name="Numpad9"/>
        <KeyWord name="NumpadAdd"/>
        <KeyWord name="NumpadClear"/>
        <KeyWord name="NumpadDel"/>
        <KeyWord name="NumpadDiv"/>
        <KeyWord name="NumpadDot"/>
        <KeyWord name="NumpadDown"/>
        <KeyWord name="NumpadEnd"/>
        <KeyWord name="NumpadEnter"/>
        <KeyWord name="NumpadHome"/>
        <KeyWord name="NumpadIns"/>
        <KeyWord name="NumpadLeft"/>
        <KeyWord name="NumpadMult"/>
        <KeyWord name="NumpadPgdn"/>
        <KeyWord name="NumpadPgup"/>
        <KeyWord name="NumpadRight"/>
        <KeyWord name="NumpadSub"/>
        <KeyWord name="NumpadUp"/>
        <KeyWord name="NumPut" func="yes">
            <Overload retVal="">
                <Param name="Number"/>
                <Param name="VarOrAddress"/>
            </Overload>
            <Overload retVal="">
                <Param name="Number"/>
                <Param name="VarOrAddress"/>
                <Param name="Offset = 0"/>
                <Param name="Type = &quot;UInt&quot;"/>
            </Overload>
        </KeyWord>
        <KeyWord name="ObjAddRef"/>
        <KeyWord name="ObjClone"/>
        <KeyWord name="Object"/>
        <KeyWord name="ObjGetAddress"/>
        <KeyWord name="ObjGetCapacity"/>
        <KeyWord name="ObjHasKey"/>
        <KeyWord name="ObjInsert"/>
        <KeyWord name="ObjMaxIndex"/>
        <KeyWord name="ObjMinIndex"/>
        <KeyWord name="ObjNewEnum"/>
        <KeyWord name="ObjRelease"/>
        <KeyWord name="ObjRemove"/>
        <KeyWord name="ObjSetCapacity"/>
        <KeyWord name="Off"/>
        <KeyWord name="Ok"/>
        <KeyWord name="On"/>
        <KeyWord name="OnExit"/>
        <KeyWord name="OnMessage" func="yes">
            <Overload retVal="">
                <Param name="MsgNumber"/>
                <Param name="&quot;FunctionName&quot;"/>
                <Param name="MaxThreads"/>
            </Overload>
        </KeyWord>
        <KeyWord name="OnExit" func="no">
            <Overload retVal="">
                <Param name="Label"/>
            </Overload>
        </KeyWord>
        <KeyWord name="Or"/>
        <KeyWord name="OutputDebug" func="no">
            <Overload retVal="">
                <Param name="Text"/>
            </Overload>
        </KeyWord>
        <KeyWord name="OwnDialogs"/>
        <KeyWord name="Owner"/>
        <KeyWord name="Parse"/>
        <KeyWord name="Password"/>
        <KeyWord name="Pause" func="no">
            <Overload retVal="">
                <Param name="On|Off|Toggle"/>
                <Param name="OperateOnUnderlyingThread?"/>
            </Overload>
        </KeyWord>
        <KeyWord name="Pgdn"/>
        <KeyWord name="Pgup"/>
        <KeyWord name="Pic"/>
        <KeyWord name="Picture"/>
        <KeyWord name="Pid"/>
        <KeyWord name="Pixel"/>
        <KeyWord name="PixelGetColor" func="no">
            <Overload retVal="">
                <Param name="OutputVar"/>
                <Param name="X"/>
                <Param name="Y"/>
                <Param name="Alt|Slow|RGB"/>
            </Overload>
        </KeyWord>
        <KeyWord name="PixelSearch" func="no">
            <Overload retVal="">
                <Param name="OutputVarX"/>
                <Param name="OutputVarY"/>
                <Param name="X1"/>
                <Param name="Y1"/>
                <Param name="X2"/>
                <Param name="Y2"/>
                <Param name="ColorID"/>
                <Param name="Variation"/>
                <Param name="Fast|RGB"/>
            </Overload>
        </KeyWord>
        <KeyWord name="Pos"/>
        <KeyWord name="PostMessage" func="no">
            <Overload retVal="">
                <Param name="Msg"/>
                <Param name="wParam"/>
                <Param name="lParam"/>
                <Param name="Control"/>
                <Param name="WinTitle"/>
                <Param name="WinText"/>
                <Param name="ExcludeTitle"/>
                <Param name="ExcludeText"/>
            </Overload>
        </KeyWord>
        <KeyWord name="Pow"/>
        <KeyWord name="PrintScreen"/>
        <KeyWord name="Priority"/>
        <KeyWord name="Process" func="no">
            <Overload retVal="">
                <Param name="Cmd"/>
                <Param name="PID-or-Name"/>
                <Param name="Param3"/>
            </Overload>
        </KeyWord>
        <KeyWord name="ProcessName"/>
        <KeyWord name="ProcessPath"/>
        <KeyWord name="ProgramFiles"/>
        <KeyWord name="Progress" func="no">
            <Overload retVal="">
                <Param name="Off"/>
            </Overload>
            <Overload retVal="">
                <Param name="ProgressParam1"/>
                <Param name="SubText"/>
                <Param name="MainText"/>
                <Param name="WinTitle"/>
                <Param name="FontName"/>
            </Overload>
        </KeyWord>
        <KeyWord name="Radio"/>
        <KeyWord name="RAlt"/>
        <KeyWord name="Random" func="no">
            <Overload retVal="">
                <Param name="OutputVar"/>
                <Param name="Min"/>
                <Param name="Max"/>
            </Overload>
            <Overload retVal="">
                <Param name=""/>
                <Param name="NewSeed"/>
            </Overload>
        </KeyWord>
        <KeyWord name="Range"/>
        <KeyWord name="Raw"/>
        <KeyWord name="RButton"/>
        <KeyWord name="RControl"/>
        <KeyWord name="RCtrl"/>
        <KeyWord name="Read"/>
        <KeyWord name="ReadOnly"/>
        <KeyWord name="RealTime"/>
        <KeyWord name="Redraw"/>
        <KeyWord name="RegDelete" func="no">
            <Overload retVal="">
                <Param name="RootKey"/>
                <Param name="SubKey"/>
                <Param name="ValueName"/>
            </Overload>
        </KeyWord>
        <KeyWord name="RegEx"/>
        <KeyWord name="RegExMatch" func="yes">
            <Overload retVal="">
                <Param name="Haystack"/>
                <Param name="NeedleRegEx"/>
                <Param name="UnquotedOutputVar = &quot;&quot;"/>
                <Param name="StartingPos = 1"/>
            </Overload>
        </KeyWord>
        <KeyWord name="RegExReplace" func="yes">
            <Overload retVal="">
                <Param name="Haystack"/>
                <Param name="NeedleRegEx"/>
                <Param name="Replacement = &quot;&quot;"/>
                <Param name="OutputVarCount = &quot;&quot;"/>
                <Param name="Limit = -1"/>
                <Param name="StartingPos = 1"/>
            </Overload>
        </KeyWord>

        <KeyWord name="Region"/>
        <KeyWord name="RegisterCallback" func="yes">
            <Overload retVal="">
                <Param name="&quot;FunctionName&quot;"/>
                <Param name="Options = &quot;&quot;"/>
                <Param name="ParamCount = FormalCount"/>
                <Param name="EventInfo = Address"/>
            </Overload>
        </KeyWord>
        <KeyWord name="RegRead" func="no">
            <Overload retVal="">
                <Param name="OutputVar"/>
                <Param name="RootKey"/>
                <Param name="SubKey"/>
                <Param name="ValueName"/>
            </Overload>
        </KeyWord>
        <KeyWord name="RegWrite" func="no">
            <Overload retVal="">
                <Param name="ValueType"/>
                <Param name="RootKey"/>
                <Param name="SubKey"/>
                <Param name="ValueName"/>
                <Param name="Value"/>
            </Overload>
        </KeyWord>
        <KeyWord name="Reg_Binary"/>
        <KeyWord name="Reg_DWord"/>
        <KeyWord name="Reg_DWord_Big_Endian"/>
        <KeyWord name="Reg_Expand_SZ"/>
        <KeyWord name="Reg_Full_Resource_Descriptor"/>
        <KeyWord name="Reg_Link"/>
        <KeyWord name="Reg_Multi_SZ"/>
        <KeyWord name="Reg_QWord"/>
        <KeyWord name="Reg_Resource_List"/>
        <KeyWord name="Reg_Resource_Requirements_List"/>
        <KeyWord name="Reg_SZ"/>
        <KeyWord name="Relative"/>
        <KeyWord name="Reload"/>
        <KeyWord name="Rename"/>
        <KeyWord name="Repeat"/>
        <KeyWord name="Report"/>
        <KeyWord name="Resize"/>
        <KeyWord name="Restore"/>
        <KeyWord name="Retry"/>
        <KeyWord name="Return" func="no">
            <Overload retVal="">
                <Param name="Expression"/>
            </Overload>
        </KeyWord>
        <KeyWord name="RGB"/>
        <KeyWord name="Right"/>
        <KeyWord name="RightClick"/>
        <KeyWord name="RightClickDrag"/>
        <KeyWord name="Round" func="yes">
            <Overload retVal="">
                <Param name="Number"/>
            </Overload>
            <Overload retVal="">
                <Param name="Number"/>
                <Param name="N"/>
            </Overload>
        </KeyWord>
        <KeyWord name="RShift"/>
        <KeyWord name="RTrim"/>
        <KeyWord name="Run" func="no">
            <Overload retVal="">
                <Param name="Target"/>
                <Param name="WorkingDir"/>
                <Param name="Max|Min|Hide|UserErrorLevel"/>
                <Param name="OutputVarPID"/>
            </Overload>
        </KeyWord>
        <KeyWord name="RunAs" func="no">
            <Overload retVal="">
                <Param name="User"/>
                <Param name="Password"/>
                <Param name="Domain"/>
            </Overload>
        </KeyWord>
        <KeyWord name="RunWait" func="no">
            <Overload retVal="">
                <Param name="Target"/>
                <Param name="WorkingDir"/>
                <Param name="Max|Min|Hide|UserErrorLevel"/>
                <Param name="OutputVarPID"/>
            </Overload>
        </KeyWord>
        <KeyWord name="RWin"/>
        <KeyWord name="RWinDown"/>
        <KeyWord name="RWinUp"/>
        <KeyWord name="SB_SetIcon"/>
        <KeyWord name="SB_SetParts"/>
        <KeyWord name="SB_SetText"/>
        <KeyWord name="Screen"/>
        <KeyWord name="ScrollLock"/>
        <KeyWord name="Seconds"/>
        <KeyWord name="Section"/>
        <KeyWord name="Send" func="no">
            <Overload retVal="">
                <Param name="Keys"/>
            </Overload>
        </KeyWord>
        <KeyWord name="SendEvent" func="no">
            <Overload retVal="">
                <Param name="Keys"/>
            </Overload>
        </KeyWord>
        <KeyWord name="SendInput" func="no">
            <Overload retVal="">
                <Param name="Keys"/>
            </Overload>
        </KeyWord>
        <KeyWord name="SendLevel" func="no">
            <Overload retVal="">
                <Param name="Level"/>
            </Overload>
        </KeyWord>
        <KeyWord name="SendMessage" func="no">
            <Overload retVal="">
                <Param name="Msg"/>
                <Param name="wParam"/>
                <Param name="lParam"/>
                <Param name="Control"/>
                <Param name="WinTitle"/>
                <Param name="WinText"/>
                <Param name="ExcludeTitle"/>
                <Param name="ExcludeText"/>
            </Overload>
        </KeyWord>
        <KeyWord name="SendMode" func="no">
            <Overload retVal="">
                <Param name="Input|Play|Event|InputThenPlay"/>
            </Overload>
        </KeyWord>
        <KeyWord name="SendPlay" func="no">
            <Overload retVal="">
                <Param name="Keys"/>
            </Overload>
        </KeyWord>
        <KeyWord name="SendRaw" func="no">
            <Overload retVal="">
                <Param name="Keys"/>
            </Overload>
        </KeyWord>
        <KeyWord name="Serial"/>
        <KeyWord name="SetBatchLines" func="no">
            <Overload retVal="">
                <Param name="ms"/>
            </Overload>
            <Overload retVal="">
                <Param name="LineCount"/>
            </Overload>
        </KeyWord>
        <KeyWord name="SetCapslockState" func="no">
            <Overload retVal="">
                <Param name="State"/>
            </Overload>
        </KeyWord>
        <KeyWord name="SetControlDelay" func="no">
            <Overload retVal="">
                <Param name="Delay"/>
            </Overload>
        </KeyWord>
        <KeyWord name="SetDefaultMouseSpeed" func="no">
            <Overload retVal="">
                <Param name="Speed"/>
            </Overload>
        </KeyWord>
        <KeyWord name="SetEnv" func="no">
            <Overload retVal="">
                <Param name="Var"/>
                <Param name="Value"/>
            </Overload>
        </KeyWord>
        <KeyWord name="SetFormat" func="no">
            <Overload retVal="">
                <Param name="NumberType"/>
                <Param name="Format"/>
            </Overload>
        </KeyWord>
        <KeyWord name="SetKeyDelay" func="no">
            <Overload retVal="">
                <Param name="Delay"/>
                <Param name="PressDuration"/>
                <Param name="Play"/>
            </Overload>
        </KeyWord>
        <KeyWord name="SetLabel"/>
        <KeyWord name="SetMouseDelay" func="no">
            <Overload retVal="">
                <Param name="Delay"/>
                <Param name="Play"/>
            </Overload>
        </KeyWord>
        <KeyWord name="SetNumlockState" func="no">
            <Overload retVal="">
                <Param name="State"/>
            </Overload>
        </KeyWord>
        <KeyWord name="SetRegView" func="no">
            <Overload retVal="">
                <Param name="RegView"/>
            </Overload>
        </KeyWord>
        <KeyWord name="SetScrollLockState" func="no">
            <Overload retVal="">
                <Param name="State"/>
            </Overload>
        </KeyWord>
        <KeyWord name="SetStoreCapslockMode" func="no">
            <Overload retVal="">
                <Param name="On|Off"/>
            </Overload>
        </KeyWord>
        <KeyWord name="SetTimer" func="no">
            <Overload retVal="">
                <Param name="Label"/>
                <Param name="Period|On|Off"/>
                <Param name="Priority"/>
            </Overload>
        </KeyWord>
        <KeyWord name="SetTitleMatchMode" func="no">
            <Overload retVal="">
                <Param name="MatchMode"/>
            </Overload>
            <Overload retVal="">
                <Param name="Fast|Slow"/>
            </Overload>
        </KeyWord>
        <KeyWord name="SetWinDelay" func="no">
            <Overload retVal="">
                <Param name="Delay"/>
            </Overload>
        </KeyWord>
        <KeyWord name="SetWorkingDir" func="no">
            <Overload retVal="">
                <Param name="DirName"/>
            </Overload>
        </KeyWord>
        <KeyWord name="Shift"/>
        <KeyWord name="ShiftAltTab"/>
        <KeyWord name="ShiftDown"/>
        <KeyWord name="shiftup"/>
        <KeyWord name="Show"/>
        <KeyWord name="Shutdown" func="no">
            <Overload retVal="">
                <Param name="Code"/>
            </Overload>
        </KeyWord>
        <KeyWord name="Sin" func="yes">
            <Overload retVal="">
                <Param name="Number"/>
            </Overload>
        </KeyWord>
        <KeyWord name="Single"/>
        <KeyWord name="Sleep" func="no">
            <Overload retVal="">
                <Param name="Delay"/>
            </Overload>
        </KeyWord>
        <KeyWord name="Slider"/>
        <KeyWord name="Sort" func="no">
            <Overload retVal="">
                <Param name="VarName"/>
                <Param name="Options"/>
            </Overload>
        </KeyWord>
        <KeyWord name="SortDesc"/>
        <KeyWord name="SoundBeep" func="no">
            <Overload retVal="">
                <Param name="Frequency"/>
                <Param name="Duration"/>
            </Overload>
        </KeyWord>
        <KeyWord name="SoundGet" func="no">
            <Overload retVal="">
                <Param name="OutputVar"/>
                <Param name="ComponentType"/>
                <Param name="ControlType"/>
                <Param name="DeviceNumber"/>
            </Overload>
        </KeyWord>
        <KeyWord name="SoundGetWaveVolume" func="no">
            <Overload retVal="">
                <Param name="OutputVar"/>
                <Param name="DeviceNumber"/>
            </Overload>
        </KeyWord>
        <KeyWord name="SoundPlay" func="no">
            <Overload retVal="">
                <Param name="Filename"/>
                <Param name="wait"/>
            </Overload>
        </KeyWord>
        <KeyWord name="SoundSet" func="no">
            <Overload retVal="">
                <Param name="NewSetting"/>
                <Param name="ComponentType"/>
                <Param name="ControlType"/>
                <Param name="DeviceNumber"/>
            </Overload>
        </KeyWord>
        <KeyWord name="SoundSetWaveVolume" func="no">
            <Overload retVal="">
                <Param name="Percent"/>
                <Param name="DeviceNumber"/>
            </Overload>
        </KeyWord>
        <KeyWord name="Space"/>
        <KeyWord name="SplashImage" func="no">
            <Overload retVal="">
                <Param name="Off"/>
            </Overload>
            <Overload retVal="">
                <Param name="ImageFile"/>
                <Param name="Options"/>
                <Param name="SubText"/>
                <Param name="MainText"/>
                <Param name="WinTitle"/>
                <Param name="FontName"/>
            </Overload>
        </KeyWord>
        <KeyWord name="SplashTextOff"/>
        <KeyWord name="SplashTextOn" func="no">
            <Overload retVal="">
                <Param name="Width"/>
                <Param name="Height"/>
                <Param name="Title"/>
                <Param name="Text"/>
            </Overload>
        </KeyWord>
        <KeyWord name="SplitPath" func="no">
            <Overload retVal="">
                <Param name="InputVar"/>
                <Param name="OutFileName"/>
                <Param name="OutDir"/>
                <Param name="OutExtension"/>
                <Param name="OutNameNoExt"/>
                <Param name="OutDrive"/>
            </Overload>
        </KeyWord>
        <KeyWord name="Sqrt" func="yes">
            <Overload retVal="">
                <Param name="Number"/>
            </Overload>
        </KeyWord>
        <KeyWord name="Standard"/>
        <KeyWord name="Static"/>
        <KeyWord name="Status"/>
        <KeyWord name="StatusBar"/>
        <KeyWord name="StatusBarGetText" func="no">
            <Overload retVal="">
                <Param name="OutputVar"/>
                <Param name="Part#"/>
                <Param name="WinTitle"/>
                <Param name="WinText"/>
                <Param name="ExcludeTitle"/>
                <Param name="ExcludeText"/>
            </Overload>
        </KeyWord>
        <KeyWord name="StatusBarWait" func="no">
            <Overload retVal="">
                <Param name="BarText"/>
                <Param name="Seconds"/>
                <Param name="Part#"/>
                <Param name="WinTitle"/>
                <Param name="WinText"/>
                <Param name="ExcludeTitle"/>
                <Param name="ExcludeText"/>
            </Overload>
        </KeyWord>
        <KeyWord name="StatusCD"/>
        <KeyWord name="StrGet" func="yes">
            <Overload retVal="">
                <Param name="Address"/>
                <Param name="Length"/>
                <Param name="Encoding = None"/>
            </Overload>
        </KeyWord>
        <KeyWord name="Strike"/>
        <KeyWord name="StringCaseSense" func="no">
            <Overload retVal="">
                <Param name="On|Off|Locale"/>
            </Overload>
        </KeyWord>
        <KeyWord name="StringGetPos" func="no">
            <Overload retVal="">
                <Param name="OutputVar"/>
                <Param name="InputVar"/>
                <Param name="SearchText"/>
                <Param name="L#|R#"/>
                <Param name="Offset"/>
            </Overload>
        </KeyWord>
        <KeyWord name="StringLeft" func="no">
            <Overload retVal="">
                <Param name="OutputVar"/>
                <Param name="InputVar"/>
                <Param name="Count"/>
            </Overload>
        </KeyWord>
        <KeyWord name="StringLen" func="no">
            <Overload retVal="">
                <Param name="OutputVar"/>
                <Param name="InputVar"/>
            </Overload>
        </KeyWord>
        <KeyWord name="StringLower" func="no">
            <Overload retVal="">
                <Param name="OutputVar"/>
                <Param name="InputVar"/>
                <Param name="T"/>
            </Overload>
        </KeyWord>
        <KeyWord name="StringMid" func="no">
            <Overload retVal="">
                <Param name="OutputVar"/>
                <Param name="InputVar"/>
                <Param name="StartChar"/>
                <Param name="Count"/>
                <Param name="L"/>
            </Overload>
        </KeyWord>
        <KeyWord name="StringReplace" func="no">
            <Overload retVal="">
                <Param name="OutputVar"/>
                <Param name="InputVar"/>
                <Param name="SearchText"/>
                <Param name="ReplaceText"/>
                <Param name="ReplaceAll?"/>
            </Overload>
        </KeyWord>
        <KeyWord name="StringRight" func="no">
            <Overload retVal="">
                <Param name="OutputVar"/>
                <Param name="InputVar"/>
                <Param name="Count"/>
            </Overload>
        </KeyWord>
        <KeyWord name="StringSplit" func="no">
            <Overload retVal="">
                <Param name="OutputArray"/>
                <Param name="InputVar"/>
                <Param name="Delimiters"/>
                <Param name="OmitChars"/>
            </Overload>
        </KeyWord>
        <KeyWord name="StringTrimLeft" func="no">
            <Overload retVal="">
                <Param name="OutputVar"/>
                <Param name="InputVar"/>
                <Param name="Count"/>
            </Overload>
        </KeyWord>
        <KeyWord name="StringTrimRight" func="no">
            <Overload retVal="">
                <Param name="OutputVar"/>
                <Param name="InputVar"/>
                <Param name="Count"/>
            </Overload>
        </KeyWord>
        <KeyWord name="StringUpper" func="no">
            <Overload retVal="">
                <Param name="OutputVar"/>
                <Param name="InputVar"/>
                <Param name="T"/>
            </Overload>
        </KeyWord>
        <KeyWord name="StrLen" func="yes">
            <Overload retVal="">
                <Param name="String"/>
            </Overload>
        </KeyWord>
        <KeyWord name="StrPut" func="yes">
            <Overload retVal="">
                <Param name="String"/>
                <Param name="Encoding = None"/>
            </Overload>
            <Overload retVal="">
                <Param name="String"/>
                <Param name="Address"/>
                <Param name="Length"/>
                <Param name="Encoding = None"/>
            </Overload>
        </KeyWord>
        <KeyWord name="Style"/>
        <KeyWord name="Submit"/>
        <KeyWord name="SubStr" func="yes">
            <Overload retVal="">
                <Param name="String"/>
                <Param name="StartingPos"/>
            </Overload>
            <Overload retVal="">
                <Param name="String"/>
                <Param name="StartingPos"/>
                <Param name="Length"/>
            </Overload>
        </KeyWord>
        <KeyWord name="Suspend" func="no">
            <Overload retVal="">
                <Param name="Mode"/>
            </Overload>
        </KeyWord>
        <KeyWord name="Switch" func="no">
            <Overload retVal="">
                <Param name="SwitchValue"/>
            </Overload>
        </KeyWord>
        <KeyWord name="SysGet" func="no">
            <Overload retVal="">
                <Param name="OutputVar"/>
                <Param name="Sub-command"/>
                <Param name="Param3"/>
            </Overload>
        </KeyWord>
        <KeyWord name="SysMenu"/>
        <KeyWord name="Tab"/>
        <KeyWord name="Tab2"/>
        <KeyWord name="Tabstop"/>
        <KeyWord name="Tan" func="yes">
            <Overload retVal="">
                <Param name="Number"/>
            </Overload>
        </KeyWord>
        <KeyWord name="Text"/>
        <KeyWord name="Theme"/>
        <KeyWord name="This"/>
        <KeyWord name="Thread"/>
        <KeyWord name="Tile"/>
        <KeyWord name="Time"/>
        <KeyWord name="Tip"/>
        <KeyWord name="ToCodePage"/>
        <KeyWord name="ToggleCheck"/>
        <KeyWord name="ToggleEnable"/>
        <KeyWord name="ToolTip"/>
        <KeyWord name="ToolWindow"/>
        <KeyWord name="Top"/>
        <KeyWord name="Topmost"/>
        <KeyWord name="TransColor"/>
        <KeyWord name="Transform"/>
        <KeyWord name="Transparent"/>
        <KeyWord name="Tray"/>
        <KeyWord name="TrayTip"/>
        <KeyWord name="Treeview"/>
        <KeyWord name="Trim"/>
        <KeyWord name="True"/>
        <KeyWord name="TV_Add"/>
        <KeyWord name="TV_Delete"/>
        <KeyWord name="TV_Get"/>
        <KeyWord name="TV_GetChild"/>
        <KeyWord name="TV_GetCount"/>
        <KeyWord name="TV_GetNext"/>
        <KeyWord name="TV_GetParent"/>
        <KeyWord name="TV_GetPrev"/>
        <KeyWord name="TV_GetSelection"/>
        <KeyWord name="TV_GetText"/>
        <KeyWord name="TV_Modify"/>
        <KeyWord name="TV_Setimagelist"/>
        <KeyWord name="Type"/>
        <KeyWord name="Uncheck"/>
        <KeyWord name="Underline"/>
        <KeyWord name="Unicode"/>
        <KeyWord name="Unlock"/>
        <KeyWord name="Up"/>
        <KeyWord name="UpDown"/>
        <KeyWord name="Upper"/>
        <KeyWord name="Uppercase"/>
        <KeyWord name="UrlDownloadToFile"/>
        <KeyWord name="UseErrorLevel"/>
        <KeyWord name="VarSetCapacity" func="yes">
            <Overload retVal="">
                <Param name="UnquotedVarName"/>
            </Overload>
            <Overload retVal="">
                <Param name="UnquotedVarName"/>
                <Param name="RequestedCapacity"/>
                <Param name="FillByte"/>
            </Overload>
        </KeyWord>
        <KeyWord name="Vis"/>
        <KeyWord name="VisFirst"/>
        <KeyWord name="Visible"/>
        <KeyWord name="Volume_Down"/>
        <KeyWord name="Volume_Mute"/>
        <KeyWord name="volume_Up"/>
        <KeyWord name="VScroll"/>
        <KeyWord name="WaitClose"/>
        <KeyWord name="WantCtrlA"/>
        <KeyWord name="WantF2"/>
        <KeyWord name="WantReturn"/>
        <KeyWord name="WantTab"/>
        <KeyWord name="WheelDown"/>
        <KeyWord name="WheelLeft"/>
        <KeyWord name="WheelRight"/>
        <KeyWord name="WheelUp"/>
        <KeyWord name="While"/>
        <KeyWord name="WinActivate"/>
        <KeyWord name="WinActivateBottom"/>
        <KeyWord name="WinActive" func="yes">
            <Overload retVal="">
                <Param name="WinTitle"/>
                <Param name="WinText"/>
                <Param name="ExcludeTitle"/>
                <Param name="ExcludeText"/>
            </Overload>
        </KeyWord>
        <KeyWord name="WinClose"/>
        <KeyWord name="WinExist" func="yes">
            <Overload retVal="">
                <Param name="WinTitle"/>
                <Param name="WinText"/>
                <Param name="ExcludeTitle"/>
                <Param name="ExcludeText"/>
            </Overload>
        </KeyWord>
        <KeyWord name="WinGet"/>
        <KeyWord name="WinGetActiveStats"/>
        <KeyWord name="WinGetActiveTitle"/>
        <KeyWord name="WinGetClass"/>
        <KeyWord name="WinGetPos"/>
        <KeyWord name="WinGetText"/>
        <KeyWord name="WinGetTitle"/>
        <KeyWord name="WinHide"/>
        <KeyWord name="WinKill"/>
        <KeyWord name="WinMaximize"/>
        <KeyWord name="WinMenuSelectItem"/>
        <KeyWord name="WinMinimize"/>
        <KeyWord name="WinMinimizeAll"/>
        <KeyWord name="WinMinimizeAllUndo"/>
        <KeyWord name="WinMove"/>
        <KeyWord name="WinRestore"/>
        <KeyWord name="WinSet"/>
        <KeyWord name="WinSetTitle"/>
        <KeyWord name="WinShow"/>
        <KeyWord name="WinWait"/>
        <KeyWord name="WinWaitActive"/>
        <KeyWord name="WinWaitClose"/>
        <KeyWord name="WinWaitNotActive"/>
        <KeyWord name="Wrap"/>
        <KeyWord name="XButton1"/>
        <KeyWord name="XButton2"/>
        <KeyWord name="XDigit"/>
        <KeyWord name="xm"/>
        <KeyWord name="xp"/>
        <KeyWord name="xs"/>
        <KeyWord name="Yes"/>
        <KeyWord name="ym"/>
        <KeyWord name="yp"/>
        <KeyWord name="ys"/>
        <KeyWord name="_AddRef"/>
        <KeyWord name="_Clone"/>
        <KeyWord name="_GetAddress"/>
        <KeyWord name="_GetCapacity"/>
        <KeyWord name="_HasKey"/>
        <KeyWord name="_Insert"/>
        <KeyWord name="_MaxIndex"/>
        <KeyWord name="_MinIndex"/>
        <KeyWord name="_NewEnum"/>
        <KeyWord name="_Release"/>
        <KeyWord name="_Remove"/>
        <KeyWord name="_SetCapacity"/>
        <KeyWord name="__Call"/>
        <KeyWord name="__Delete"/>
        <KeyWord name="__Get"/>
        <KeyWord name="__New"/>
        <KeyWord name="__Set"/>
<!--
Alphabet Order:     1 to 9, A to Z, _
Missing:            0, a to z, #, {, %, @, $, ^, ~, +
Alphabet Notes:     # and { Seems broken, Possibly related to additionalWordChar="", but _ works.
-->
<!--    'Broken' words list

        <KeyWord name="#AllowSameLineComments"/>
        <KeyWord name="#ClipboardTimeout" func="no">
            <Overload retVal="">
                <Param name="Milliseconds"/>
            </Overload>
        </KeyWord>
        <KeyWord name="#CommentFlag" func="no">
            <Overload retVal="">
                <Param name="NewString"/>
            </Overload>
        </KeyWord>
        <KeyWord name="#ErrorStdOut"/>
        <KeyWord name="#EscapeChar" func="no">
            <Overload retVal="">
                <Param name="NewString"/>
            </Overload>
        </KeyWord>
        <KeyWord name="#HotkeyInterval" func="no">
            <Overload retVal="">
                <Param name="Milliseconds"/>
            </Overload>
        </KeyWord>
        <KeyWord name="#HotkeyModifierTimeout" func="no">
            <Overload retVal="">
                <Param name="Milliseconds"/>
            </Overload>
        </KeyWord>
        <KeyWord name="#Hotstring" func="no">
            <Overload retVal="">
                <Param name="NoMouse"/>
            </Overload>
            <Overload retVal="">
                <Param name="EndChars"/>
                <Param name="NewChars"/>
            </Overload>
            <Overload retVal="">
                <Param name="NewOptions"/>
            </Overload>
        </KeyWord>
        <KeyWord name="#If" func="no">
            <Overload retVal="">
                <Param name="Expression"/>
            </Overload>
        </KeyWord>
        <KeyWord name="#IfTimeout" func="no">
            <Overload retVal="">
                <Param name="Timeout"/>
            </Overload>
        </KeyWord>
        <KeyWord name="#IfWinActive" func="no">
            <Overload retVal="">
                <Param name="WinTitle"/>
                <Param name="WinText"/>
            </Overload>
        </KeyWord>
        <KeyWord name="#IfWinExist" func="no">
            <Overload retVal="">
                <Param name="WinTitle"/>
                <Param name="WinText"/>
            </Overload>
        </KeyWord>
        <KeyWord name="#IfWinNotActive" func="no">
            <Overload retVal="">
                <Param name="WinTitle"/>
                <Param name="WinText"/>
            </Overload>
        </KeyWord>
        <KeyWord name="#IfWinNotExist" func="no">
            <Overload retVal="">
                <Param name="WinTitle"/>
                <Param name="WinText"/>
            </Overload>
        </KeyWord>
        <KeyWord name="#Include" func="no">
            <Overload retVal="">
                <Param name="FileOrDirName"/>
            </Overload>
            <Overload retVal="">
                <Param name="&lt;LibName&gr;"/>
            </Overload>
        </KeyWord>
        <KeyWord name="#IncludeAgain" func="no">
            <Overload retVal="">
                <Param name="FileOrDirName"/>
            </Overload>
        </KeyWord>
        <Keyword name="#InputLevel" func="no">
            <Overload retVal="">
                <Param name="Level"/>
            </Overload>
        </KeyWord>
        <KeyWord name="#InstallKeybdHook"/>
        <KeyWord name="#InstallMouseHook"/>
        <KeyWord name="#KeyHistory" func="no">
            <Overload retVal="">
                <Param name="MaxEvents"/>
            </Overload>
        </KeyWord>
        <KeyWord name="#MaxHotkeysPerInterval" func="no">
            <Overload retVal="">
                <Param name="Value"/>
            </Overload>
        </KeyWord>
        <KeyWord name="#MaxMem" func="no">
            <Overload retVal="">
                <Param name="Megabytes"/>
            </Overload>
        </KeyWord>
        <KeyWord name="#MaxThreads" func="no">
            <Overload retVal="">
                <Param name="Value"/>
            </Overload>
        </KeyWord>
        <KeyWord name="#MaxThreadsBuffer" func="no">
            <Overload retVal="">
                <Param name="On|Off"/>
            </Overload>
        </KeyWord>
        <KeyWord name="#MaxThreadsPerHotkey" func="no">
            <Overload retVal="">
                <Param name="Value"/>
            </Overload>
        </KeyWord>
        <KeyWord name="#MenuMaskKey" func="no">
            <Overload retVal="">
                <Param name="KeyName"/>
            </Overload>
        </KeyWord>
        <KeyWord name="#NoEnv"/>
        <KeyWord name="#NoTrayIcon"/>
        <KeyWord name="#Persistent"/>
        <KeyWord name="#SingleInstance" func="no">
            <Overload retVal="">
                <Param name="Force|Ignore|Off"/>
            </Overload>
        </KeyWord>
        <KeyWord name="#UseHook" func="no">
            <Overload retVal="">
                <Param name="On|Off"/>
            </Overload>
        </KeyWord>
        <KeyWord name="#Warn" func="no">
            <Overload retVal="">
                <Param name="WarningType"/>
                <Param name="WarningMode"/>
            </Overload>
        </KeyWord>
        <KeyWord name="#WinActivateForce"/>

        <KeyWord name="{Alt}"/>
        <KeyWord name="{AltDown}"/>
        <KeyWord name="{AltUp}"/>
        <KeyWord name="{AppsKey}"/>
        <KeyWord name="{BackSpace}"/>
        <KeyWord name="{Browser_Back}"/>
        <KeyWord name="{Browser_Favorites}"/>
        <KeyWord name="{Browser_Forward}"/>
        <KeyWord name="{Browser_Home}"/>
        <KeyWord name="{Browser_Refresh}"/>
        <KeyWord name="{Browser_Search}"/>
        <KeyWord name="{Browser_Stop}"/>
        <KeyWord name="{BS}"/>
        <KeyWord name="{CapsLock}"/>
        <KeyWord name="{Control}"/>
        <KeyWord name="{Ctrl}"/>
        <KeyWord name="{CtrlBreak}"/>
        <KeyWord name="{CtrlDown}"/>
        <KeyWord name="{CtrlUp}"/>
        <KeyWord name="{Del}"/>
        <KeyWord name="{Delete}"/>
        <KeyWord name="{Down}"/>
        <KeyWord name="{End}"/>
        <KeyWord name="{Enter}"/>
        <KeyWord name="{Esc}"/>
        <KeyWord name="{Escape}"/>
        <KeyWord name="{F1}"/>
        <KeyWord name="{F10}"/>
        <KeyWord name="{F11}"/>
        <KeyWord name="{F12}"/>
        <KeyWord name="{F13}"/>
        <KeyWord name="{F14}"/>
        <KeyWord name="{F15}"/>
        <KeyWord name="{F16}"/>
        <KeyWord name="{F17}"/>
        <KeyWord name="{F18}"/>
        <KeyWord name="{F19}"/>
        <KeyWord name="{F2}"/>
        <KeyWord name="{F20}"/>
        <KeyWord name="{F21}"/>
        <KeyWord name="{F22}"/>
        <KeyWord name="{F23}"/>
        <KeyWord name="{F24}"/>
        <KeyWord name="{F3}"/>
        <KeyWord name="{F4}"/>
        <KeyWord name="{F5}"/>
        <KeyWord name="{F6}"/>
        <KeyWord name="{F7}"/>
        <KeyWord name="{F8}"/>
        <KeyWord name="{F9}"/>
        <KeyWord name="{Home}"/>
        <KeyWord name="{Ins}"/>
        <KeyWord name="{Insert}"/>
        <KeyWord name="{Joy1}"/>
        <KeyWord name="{Joy10}"/>
        <KeyWord name="{Joy11}"/>
        <KeyWord name="{Joy12}"/>
        <KeyWord name="{Joy13}"/>
        <KeyWord name="{Joy14}"/>
        <KeyWord name="{Joy15}"/>
        <KeyWord name="{Joy16}"/>
        <KeyWord name="{Joy17}"/>
        <KeyWord name="{Joy18}"/>
        <KeyWord name="{Joy19}"/>
        <KeyWord name="{Joy2}"/>
        <KeyWord name="{Joy20}"/>
        <KeyWord name="{Joy21}"/>
        <KeyWord name="{Joy22}"/>
        <KeyWord name="{Joy23}"/>
        <KeyWord name="{Joy24}"/>
        <KeyWord name="{Joy25}"/>
        <KeyWord name="{Joy26}"/>
        <KeyWord name="{Joy27}"/>
        <KeyWord name="{Joy28}"/>
        <KeyWord name="{Joy29}"/>
        <KeyWord name="{Joy3}"/>
        <KeyWord name="{Joy30}"/>
        <KeyWord name="{Joy31}"/>
        <KeyWord name="{Joy32}"/>
        <KeyWord name="{Joy4}"/>
        <KeyWord name="{Joy5}"/>
        <KeyWord name="{Joy6}"/>
        <KeyWord name="{Joy7}"/>
        <KeyWord name="{Joy8}"/>
        <KeyWord name="{Joy9}"/>
        <KeyWord name="{JoyAxes}"/>
        <KeyWord name="{JoyButtons}"/>
        <KeyWord name="{JoyInfo}"/>
        <KeyWord name="{JoyName}"/>
        <KeyWord name="{JoyPOV}"/>
        <KeyWord name="{JoyR}"/>
        <KeyWord name="{JoyU}"/>
        <KeyWord name="{JoyV}"/>
        <KeyWord name="{JoyX}"/>
        <KeyWord name="{JoyY}"/>
        <KeyWord name="{JoyZ}"/>
        <KeyWord name="{LAlt}"/>
        <KeyWord name="{Launch_App1}"/>
        <KeyWord name="{Launch_App2}"/>
        <KeyWord name="{Launch_Mail}"/>
        <KeyWord name="{Launch_Media}"/>
        <KeyWord name="{LButton}"/>
        <KeyWord name="{LControl}"/>
        <KeyWord name="{LCtrl}"/>
        <KeyWord name="{Left}"/>
        <KeyWord name="{LShift}"/>
        <KeyWord name="{LWin}"/>
        <KeyWord name="{LWinDown}"/>
        <KeyWord name="{MButton}"/>
        <KeyWord name="{Media_Next}"/>
        <KeyWord name="{Media_Play_Pause}"/>
        <KeyWord name="{Media_Prev}"/>
        <KeyWord name="{Media_Stop}"/>
        <KeyWord name="{NumLock}"/>
        <KeyWord name="{Numpad0}"/>
        <KeyWord name="{Numpad1}"/>
        <KeyWord name="{Numpad2}"/>
        <KeyWord name="{Numpad3}"/>
        <KeyWord name="{Numpad4}"/>
        <KeyWord name="{Numpad5}"/>
        <KeyWord name="{Numpad6}"/>
        <KeyWord name="{Numpad7}"/>
        <KeyWord name="{Numpad8}"/>
        <KeyWord name="{Numpad9}"/>
        <KeyWord name="{NumpadAdd}"/>
        <KeyWord name="{NumpadClear}"/>
        <KeyWord name="{NumpadDel}"/>
        <KeyWord name="{NumpadDiv}"/>
        <KeyWord name="{NumpadDot}"/>
        <KeyWord name="{NumpadDown}"/>
        <KeyWord name="{NumpadEnd}"/>
        <KeyWord name="{NumpadEnter}"/>
        <KeyWord name="{NumpadHome}"/>
        <KeyWord name="{NumpadIns}"/>
        <KeyWord name="{NumpadLeft}"/>
        <KeyWord name="{NumpadMult}"/>
        <KeyWord name="{NumpadPgdn}"/>
        <KeyWord name="{NumpadPgup}"/>
        <KeyWord name="{NumpadRight}"/>
        <KeyWord name="{NumpadSub}"/>
        <KeyWord name="{NumpadUp}"/>
        <KeyWord name="{Pause}"/>
        <KeyWord name="{PGDN}"/>
        <KeyWord name="{PGUP}"/>
        <KeyWord name="{PrintScreen}"/>
        <KeyWord name="{RAlt}"/>
        <KeyWord name="{Raw}"/>
        <KeyWord name="{RButton}"/>
        <KeyWord name="{RControl}"/>
        <KeyWord name="{RCtrl}"/>
        <KeyWord name="{Right}"/>
        <KeyWord name="{RShift}"/>
        <KeyWord name="{RWin}"/>
        <KeyWord name="{RWinDown}"/>
        <KeyWord name="{ScrollLock}"/>
        <KeyWord name="{Shift}"/>
        <KeyWord name="{ShiftDown}"/>
        <KeyWord name="{ShiftUp}"/>
        <KeyWord name="{Space}"/>
        <KeyWord name="{Tab}"/>
        <KeyWord name="{Up}"/>
        <KeyWord name="{Volume_Down}"/>
        <KeyWord name="{Volume_Mute}"/>
        <KeyWord name="{Volume_Up}"/>
        <KeyWord name="{WheelDown}"/>
        <KeyWord name="{WheelUp}"/>
        <KeyWord name="{XButton1}"/>
        <KeyWord name="{XButton2}"/>
        <KeyWord name="{#}"/>
        <KeyWord name="{$}"/>
        <KeyWord name="{^}"/>
        <KeyWord name="{~}"/>
        <KeyWord name="{+}"/>
-->
    </AutoComplete>
</NotepadPlus>