<NotepadPlus>
    <UserLang name="AutoHotkey" ext="ahk ahkl ahkh ia" udlVersion="2.1">
        <Settings>
            <Global caseIgnored="yes" allowFoldOfComments="yes" foldCompact="no" forcePureLC="0" decimalSeparator="0" />
            <Prefix Keywords1="no" Keywords2="no" Keywords3="no" Keywords4="yes" Keywords5="no" Keywords6="yes" Keywords7="no" Keywords8="no" />
        </Settings>
        <KeywordLists>
            <Keywords name="Comments">00; 01 02 03/* 04*/</Keywords>
            <Keywords name="Numbers, prefix1"></Keywords>
            <Keywords name="Numbers, prefix2"></Keywords>
            <Keywords name="Numbers, extras1"></Keywords>
            <Keywords name="Numbers, extras2"></Keywords>
            <Keywords name="Numbers, suffix1"></Keywords>
            <Keywords name="Numbers, suffix2"></Keywords>
            <Keywords name="Numbers, range"></Keywords>
            <Keywords name="Operators1">- ! % &amp; ( ) , . : ? ^ | ~ + &lt; = &gt; * / [ ]</Keywords>
            <Keywords name="Operators2"></Keywords>
            <Keywords name="Folders in code1, open">{</Keywords>
            <Keywords name="Folders in code1, middle"></Keywords>
            <Keywords name="Folders in code1, close">}</Keywords>
            <Keywords name="Folders in code2, open"></Keywords>
            <Keywords name="Folders in code2, middle"></Keywords>
            <Keywords name="Folders in code2, close"></Keywords>
            <Keywords name="Folders in comment, open"></Keywords>
            <Keywords name="Folders in comment, middle"></Keywords>
            <Keywords name="Folders in comment, close"></Keywords>
            <Keywords name="Keywords1">break byref case catch class continue else exit exitapp finally for global gosub goto if ifequal ifexist ifgreater ifgreaterorequal ifinstring ifless iflessorequal ifmsgbox ifnotequal ifnotexist ifnotinstring ifwinactive ifwinexist ifwinnotactive ifwinnotexist local loop onexit pause return settimer sleep static suspend switch throw try until var while</Keywords>
            <Keywords name="Keywords2">autotrim blockinput clipwait control controladditem controlchooseindex controlchoosestring controlclick controldeleteitem controlfocus controlget controlgetfocus controlgetpos controlgettext controlhide controlhidedropdown controlmove controlsend controlsendraw controlsendtext controlsetchecked controlsetenabled controlsetexstyle controlsetstyle controlsettext controlshow controlshowdropdown coordmode critical detecthiddentext detecthiddenwindows dircopy dircreate dirdelete dirmove download drive driveeject driveget drivelock drivesetlabel drivespacefree driveunlock edit editpaste envadd envdiv envget envmult envset envsub envupdate fileappend filecopy filecopydir filecreatedir filecreateshortcut filedelete fileencoding filegetattrib filegetshortcut filegetsize filegettime filegetversion fileinstall filemove filemovedir fileread filereadline filerecycle filerecycleempty fileremovedir fileselectfile fileselectfolder filesetattrib filesettime formattime getkeystate groupactivate groupadd groupclose groupdeactivate gui guicontrol guicontrolget hotif hotifwinactive hotifwinexist hotifwinnotactive hotifwinnotexist hotkey imagesearch inidelete iniread iniwrite input inputbox keyhistory keywait listhotkeys listlines listvars menu menuselect mouseclick mouseclickdrag mousegetpos mousemove msgbox outputdebug pixelgetcolor pixelsearch postmessage process processclose processsetpriority progress random randomseed regdelete regdeletekey regread regwrite reload run runas runwait send sendevent sendinput sendlevel sendmessage sendmode sendplay sendraw sendtext setbatchlines setcapslockstate setcontroldelay setdefaultmousespeed setenv setformat setkeydelay setmousedelay setnumlockstate setregview setscrolllockstate setstorecapslockmode settitlematchmode setwindelay setworkingdir shutdown sort soundbeep soundget soundgetwavevolume soundplay soundset soundsetmute soundsetvolume soundsetwavevolume splashimage splashtextoff splashtexton splitpath statusbargettext statusbarwait stringcasesense stringgetpos stringleft stringlen stringlower stringmid stringreplace stringright stringsplit stringtrimleft stringtrimright stringupper sysget thread tooltip transform traytip urldownloadtofile winactivate winactivatebottom winclose winget wingetactivestats wingetactivetitle wingetclass wingetclientpos wingetpos wingettext wingettitle winhide winkill winmaximize winmenuselectitem winminimize winminimizeall winminimizeallundo winmove winmovebottom winmovetop winredraw winrestore winset winsetalwaysontop winsetenabled winsetexstyle winsetregion winsetstyle winsettitle winsettranscolor winsettransparent winshow winwait winwaitactive winwaitclose winwaitnotactive winwaitnotactive</Keywords>
            <Keywords name="Keywords3">_addref _clone _getaddress _getcapacity _haskey _insert _maxindex _minindex _newenum _release _remove _setcapacity abs acos array asc asin atan bind buffer bufferalloc call callbackcreate callbackfree caretgetpos ceil chr comcall comobjactive comobjarray comobjconnect comobjcreate comobject comobjenwrap comobjerror comobjflags comobjfromptr comobjget comobjmissing comobjparameter comobjquery comobjtype comobjunwrap comobjvalue controlfinditem controlgetchecked controlgetchoice controlgetclassnn controlgetenabled controlgetexstyle controlgethwnd controlgetindex controlgetitems controlgetstyle controlgetvisible cos dateadd datediff direxist dirselect dllcall drivegetcapacity drivegetfilesystem drivegetlabel drivegetlist drivegetserial drivegetspacefree drivegetstatus drivegetstatuscd drivegettype editgetcurrentcol editgetcurrentline editgetline editgetlinecount editgetselectedtext exception exp fileexist fileopen fileselect floor format func getkeyname getkeysc getkeystate getkeyvk getmethod guictrlfromhwnd guifromhwnd hasbase hasmethod hasprop hotstring il_add il_create il_destroy inputhook instr isalnum isalpha isbyref isdigit isfloat isfunc isinteger islabel islower isnumber isobject isoptional isset isspace istime isupper isxdigit listviewgetcontent ln loadpicture log ltrim lv_add lv_delete lv_deletecol lv_getcount lv_getnext lv_gettext lv_insert lv_insertcol lv_modify lv_modifycol lv_setimagelist map max menufromhandle menugethandle menugetname min mod monitorget monitorgetcount monitorgetname monitorgetprimary monitorgetworkarea numget numput objaddref objbindmethod objclone objcount objdelete object objfromptr objfromptraddref objgetaddress objgetbase objgetcapacity objhaskey objhasownprop objinsert objinsertat objlength objmaxindex objminindex objnewenum objownpropcount objownprops objpop objptr objptraddref objpush objrawget objrawset objrelease objremove objremoveat objsetbase objsetcapacity onclipboardchange onerror onmessage ord processexist processwait processwaitclose regexmatch regexreplace registercallback round rtrim sb_seticon sb_setparts sb_settext sin soundgetinterface soundgetmute soundgetname soundgetvolume sqrt strcompare strget strlen strlower strptr strput strreplace strsplit strupper substr sysgetipaddresses tan trayseticon trim tv_add tv_delete tv_get tv_getchild tv_getcount tv_getnext tv_getparent tv_getprev tv_getselection tv_gettext tv_modify tv_setimagelist varsetcapacity varsetstrcapacity vercompare winactive winexist wingetcontrols wingetcontrolshwnd wingetcount wingetexstyle wingetid wingetidlast wingetlist wingetminmax wingetpid wingetprocessname wingetprocesspath wingetstyle wingettranscolor wingettransparent</Keywords>
            <Keywords name="Keywords4"># clipboardtimeout commentflag delimiter derefchar errorstdout escapechar hotkeyinterval hotkeymodifiertimeout hotstring if iftimeout ifwinactive ifwinexist ifwinnotactive ifwinnotexist include includeagain inputlevel installkeybdhook installmousehook keyhistory ltrim maxhotkeysperinterval maxmem maxthreads maxthreadsbuffer maxthreadsperhotkey menumaskkey mustdeclare noenv notrayicon persistent singleinstance usehook warn winactivateforce</Keywords>
            <Keywords name="Keywords5">alt altdown altup appskey backspace blind browser_back browser_favorites browser_forward browser_home browser_refresh browser_search browser_stop bs capslock click control ctrl ctrlbreak ctrldown ctrlup del delete down end enter esc escape f1 f10 f11 f12 f13 f14 f15 f16 f17 f18 f19 f2 f20 f21 f22 f23 f24 f3 f4 f5 f6 f7 f8 f9 home ins insert joy1 joy10 joy11 joy12 joy13 joy14 joy15 joy16 joy17 joy18 joy19 joy2 joy20 joy21 joy22 joy23 joy24 joy25 joy26 joy27 joy28 joy29 joy3 joy30 joy31 joy32 joy4 joy5 joy6 joy7 joy8 joy9 joyaxes joybuttons joyinfo joyname joypov joyr joyu joyv joyx joyy joyz lalt launch_app1 launch_app2 launch_mail launch_media lbutton lcontrol lctrl left lshift lwin lwindown lwinup mbutton media_next media_play_pause media_prev media_stop numlock numpad0 numpad1 numpad2 numpad3 numpad4 numpad5 numpad6 numpad7 numpad8 numpad9 numpadadd numpadclear numpaddel numpaddiv numpaddot numpaddown numpadend numpadenter numpadhome numpadins numpadleft numpadmult numpadpgdn numpadpgup numpadright numpadsub numpadup pause pgdn pgup printscreen ralt raw rbutton rcontrol rctrl right rshift rwin rwindown rwinup scrolllock shift shiftdown shiftup space tab up volume_down volume_mute volume_up wheeldown wheelleft wheelright wheelup xbutton1 xbutton2</Keywords>
            <Keywords name="Keywords6">a_ a_ahkpath a_ahkversion a_appdata a_appdatacommon a_args a_autotrim a_batchlines a_caretx a_carety a_computername a_comspec a_controldelay a_coordmodecaret a_coordmodemenu a_coordmodemouse a_coordmodepixel a_coordmodetooltip a_cursor a_dd a_ddd a_dddd a_defaultgui a_defaultlistview a_defaultmousespeed a_defaulttreeview a_desktop a_desktopcommon a_detecthiddentext a_detecthiddenwindows a_endchar a_eventinfo a_exitreason a_fileencoding a_formatfloat a_formatinteger a_gui a_guicontrol a_guicontrolevent a_guievent a_guiheight a_guiwidth a_guix a_guiy a_hour a_iconfile a_iconhidden a_iconnumber a_icontip a_index a_initialworkingdir a_ipaddress1 a_ipaddress2 a_ipaddress3 a_ipaddress4 a_is64bitos a_isadmin a_iscompiled a_iscritical a_ispaused a_issuspended a_isunicode a_keydelay a_keydelayplay a_keyduration a_keydurationplay a_language a_lasterror a_linefile a_linenumber a_listlines a_loopfield a_loopfileattrib a_loopfiledir a_loopfileext a_loopfilefullpath a_loopfilelongpath a_loopfilename a_loopfilepath a_loopfileshortname a_loopfileshortpath a_loopfilesize a_loopfilesizekb a_loopfilesizemb a_loopfiletimeaccessed a_loopfiletimecreated a_loopfiletimemodified a_loopreadline a_loopregkey a_loopregname a_loopregsubkey a_loopregtimemodified a_loopregtype a_mday a_min a_mm a_mmm a_mmmm a_mon a_mousedelay a_mousedelayplay a_msec a_msgboxresult a_mydocuments a_now a_nowutc a_numbatchlines a_ostype a_osversion a_priorhotkey a_priorkey a_programfiles a_programs a_programscommon a_ptrsize a_regview a_screendpi a_screenheight a_screenwidth a_scriptdir a_scriptfullpath a_scripthwnd a_scriptname a_sec a_sendlevel a_sendmode a_space a_startmenu a_startmenucommon a_startup a_startupcommon a_storecapslockmode a_stringcasesense a_tab a_temp a_thisfunc a_thishotkey a_thislabel a_thismenu a_thismenuitem a_thismenuitempos a_tickcount a_timeidle a_timeidlekeyboard a_timeidlemouse a_timeidlephysical a_timesincepriorhotkey a_timesincethishotkey a_titlematchmode a_titlematchmodespeed a_username a_wday a_windelay a_windir a_workingdir a_yday a_year a_yweek a_yyyy base clipboard clipboardall comspec errorlevel false programfiles this true</Keywords>
            <Keywords name="Keywords7">abort abovenormal activex add addactivex addbutton addcheckbox addcombobox addcustom adddatetime adddropdownlist addedit addgroupbox addhotkey addlistbox addlistview addmonthcal addpicture addprogress addradio addslider addstatusbar addtab addtab2 addtab3 addtext addtreeview addupdown ahk_class ahk_exe ahk_group ahk_id ahk_pid all alnum alpha altsubmit alttab alttabandmenu alttabmenu alttabmenudismiss alwaysontop and autosize background backgroundtrans base belownormal between bitand bitnot bitor bitshiftleft bitshiftright bitxor bold border bottom button buttons cancel capacity caption center check check3 checkbox checked checkedgray choose choosestring click clone close color combobox contains controllist controllisthwnd count custom date datetime days ddl default delete deleteall delimiter deref destroy digit disable disabled dpiscale dropdownlist edit eject enable enabled error exit expand exstyle extends filesystem first flash float floatfast focus font force fromcodepage getaddress getcapacity grid group groupbox guiclose guicontextmenu guidropfiles guiescape guisize haskey hdr hidden hide high hkcc hkcr hkcu hkey_classes_root hkey_current_config hkey_current_user hkey_local_machine hkey_users hklm hku hotkey hours hscroll hwnd icon iconsmall id idlast ignore imagelist in insert integer integerfast interrupt is italic join label lastfound lastfoundexist left limit lines link list listbox listview localsameasglobal lock logoff low lower lowercase ltrim mainwindow margin maximize maximizebox maxindex menu minimize minimizebox minmax minutes monitorcount monitorname monitorprimary monitorworkarea monthcal mouse mousemove mousemoveoff move multi na new no noactivate nodefault nohide noicon nomainwindow norm normal nosort nosorthdr nostandard not notab notimers number off ok on or owndialogs owner parse password pic picture pid pixel pos pow priority processname processpath progress radio range rawread rawwrite read readchar readdouble readfloat readint readint64 readline readnum readonly readshort readuchar readuint readushort realtime redraw regex region reg_binary reg_dword reg_dword_big_endian reg_expand_sz reg_full_resource_descriptor reg_link reg_multi_sz reg_qword reg_resource_list reg_resource_requirements_list reg_sz relative reload remove rename report resize restore retry rgb right rtrim screen seconds section seek send sendandmouse serial setcapacity setlabel shiftalttab show shutdown single slider sortdesc standard status statusbar statuscd strike style submit sysmenu tab tab2 tabstop tell text theme this tile time tip tocodepage togglecheck toggleenable toolwindow top topmost transcolor transparent tray treeview type uncheck underline unicode unlock updown upper uppercase useenv useerrorlevel useunsetglobal useunsetlocal vis visfirst visible vscroll waitclose wantctrla wantf2 wantreturn wanttab wrap write writechar writedouble writefloat writeint writeint64 writeline writenum writeshort writeuchar writeuint writeushort xdigit xm xp xs yes ym yp ys __call __delete __get __handle __new __set</Keywords>
            <Keywords name="Keywords8"></Keywords>
            <Keywords name="Delimiters">00&quot; 01 02&quot; 03 04 05 06 07 08 09 10 11 12 13 14 15 16 17 18 19 20 21 22 23</Keywords>
        </KeywordLists>
        <Styles>
            <WordsStyle name="DEFAULT" fgColor="000000" bgColor="FFFFFF" colorStyle="1" fontName="" fontStyle="0" nesting="0" />
            <WordsStyle name="COMMENTS" fgColor="8C868F" bgColor="FFFFFF" colorStyle="1" fontName="" fontStyle="0" nesting="0" />
            <WordsStyle name="LINE COMMENTS" fgColor="8C868F" bgColor="FFFFFF" colorStyle="1" fontName="" fontStyle="0" nesting="0" />
            <WordsStyle name="NUMBERS" fgColor="000000" bgColor="FFFFFF" colorStyle="1" fontName="" fontStyle="1" nesting="0" />
            <WordsStyle name="KEYWORDS1" fgColor="FF7800" bgColor="FFFFFF" colorStyle="1" fontName="" fontStyle="0" nesting="0" />
            <WordsStyle name="KEYWORDS2" fgColor="3B5BB5" bgColor="FFFFFF" colorStyle="1" fontName="" fontStyle="0" nesting="0" />
            <WordsStyle name="KEYWORDS3" fgColor="3B5BB5" bgColor="FFFFFF" colorStyle="1" fontName="" fontStyle="0" nesting="0" />
            <WordsStyle name="KEYWORDS4" fgColor="8C868F" bgColor="FFFFFF" colorStyle="1" fontName="" fontStyle="0" nesting="0" />
            <WordsStyle name="KEYWORDS5" fgColor="22AA55" bgColor="FFFFFF" colorStyle="1" fontName="" fontStyle="0" nesting="0" />
            <WordsStyle name="KEYWORDS6" fgColor="B43C7A" bgColor="FFFFFF" colorStyle="1" fontName="" fontStyle="0" nesting="0" />
            <WordsStyle name="KEYWORDS7" fgColor="B43C7A" bgColor="FFFFFF" colorStyle="1" fontName="" fontStyle="0" nesting="0" />
            <WordsStyle name="KEYWORDS8" fgColor="000000" bgColor="FFFFFF" colorStyle="1" fontName="" fontStyle="0" nesting="0" />
            <WordsStyle name="OPERATORS" fgColor="8080C0" bgColor="FFFFFF" colorStyle="1" fontName="" fontStyle="1" nesting="0" />
            <WordsStyle name="FOLDER IN CODE1" fgColor="000000" bgColor="FFFFFF" colorStyle="1" fontName="" fontStyle="1" nesting="0" />
            <WordsStyle name="FOLDER IN CODE2" fgColor="000000" bgColor="FFFFFF" colorStyle="1" fontName="" fontStyle="0" nesting="0" />
            <WordsStyle name="FOLDER IN COMMENT" fgColor="000000" bgColor="FFFFFF" colorStyle="1" fontName="" fontStyle="0" nesting="0" />
            <WordsStyle name="DELIMITERS1" fgColor="409B1C" bgColor="FFFFFF" colorStyle="1" fontName="" fontStyle="0" nesting="0" />
            <WordsStyle name="DELIMITERS2" fgColor="000000" bgColor="FFFFFF" colorStyle="1" fontName="" fontStyle="0" nesting="0" />
            <WordsStyle name="DELIMITERS3" fgColor="000000" bgColor="FFFFFF" colorStyle="1" fontName="" fontStyle="0" nesting="0" />
            <WordsStyle name="DELIMITERS4" fgColor="000000" bgColor="FFFFFF" colorStyle="1" fontName="" fontStyle="0" nesting="0" />
            <WordsStyle name="DELIMITERS5" fgColor="000000" bgColor="FFFFFF" colorStyle="1" fontName="" fontStyle="0" nesting="0" />
            <WordsStyle name="DELIMITERS6" fgColor="000000" bgColor="FFFFFF" colorStyle="1" fontName="" fontStyle="0" nesting="0" />
            <WordsStyle name="DELIMITERS7" fgColor="000000" bgColor="FFFFFF" colorStyle="1" fontName="" fontStyle="0" nesting="0" />
            <WordsStyle name="DELIMITERS8" fgColor="000000" bgColor="FFFFFF" colorStyle="1" fontName="" fontStyle="0" nesting="0" />
        </Styles>
    </UserLang>
</NotepadPlus>
